industrial_demand_gwh,residential_demand_gwh,cost_diesel_eur_gwh,conventional_hydro_cap_gw,vapor_turbine_cap_gw,nuclear_cap_gw,cost_coal_eur_gwh,nonrenewable_waste_cap_gw,other_renewable_cap_gw,batteries_cap_gw,solar_thermal_cap_gw,solar_pv_cap_gw,run_of_river_hydro_cap_gw,wind_cap_gw,coal_cap_gw,diesel_cap_gw,combined_cycle_cap_gw,eu_ets_price_eur_tco2,cost_uranium_eur_gwh,renewable_waste_cap_gw,cost_gas_eur_gwh,pumped_hydro_pump_cap_gw,gas_turbine_cap_gw,pumped_hydro_turb_cap_gw,commercial_demand_gwh,cogeneration_cap_gw
0.16970966862260592,0.16970966862260592,-0.0143,-0.0162376173635841,-0.03361591801451326,-0.43963770182495604,0.5721383481059004,-0.017926106375175176,0.4833,0.0,0.4697872748205475,1.9374086433664677,-0.050340592768118586,0.6677129075186697,-1.0,-0.028578993082045596,-0.04885958510172514,1.6266034444481057,-0.002928764295374271,0.019114875562770542,-0.0072,0.6823047995850672,-0.07460891266916198,0.9747211422643818,0.16970966862260592,-0.262956057768487
0.18339679285748361,0.18339679285748361,-0.1743886706597857,-0.0450707610929863,0.08317894602205286,-0.43319423877651014,0.23452012771120198,0.016854691768619617,0.47250000000000003,0.0,2.167353388092307,1.4957806556027355,-0.09700437034486299,0.8731388953648119,-1.0,-0.0015269553149609718,-0.0674166547850956,0.7016332123380649,0.07439785679363581,0.032460140738644894,-0.3791157931008198,0.6553261454360936,-0.025104292088976646,0.936180207765848,0.18339679285748361,-0.25666294789398647
0.14927012995629693,0.14927012995629693,-0.0143,-0.020095299504584416,-0.018319431638405152,-0.4298436379913183,0.20046392179640501,-0.014222141227978569,0.5465448888356165,0.0,0.18988811845748102,4.318262800512196,-0.13346438033205485,0.5576384234342832,-1.0,-0.018254918265590097,-0.05997938152724467,1.5738063754201574,0.054781076327353455,-0.032298559726736016,-0.2647391819837489,0.6459873805383718,0.03090545708465784,0.922839115054817,0.14927012995629693,-0.24847924268882443
0.1539730040817711,0.1539730040817711,0.4176215206510732,-0.02842128248939596,0.06561499199282385,-0.4685044162819935,0.21407836964656968,-0.05394807322765859,0.6160807771181996,0.0,1.769592946150404,4.064980443369033,-0.010088516887075509,1.1734324711893893,-1.0,0.07558324220738566,-0.05868527001275441,1.6099821449393072,0.0018463146260550155,-0.030067285762756964,-0.2422594621549549,0.3585609497973832,0.03895344435929123,0.512229928281976,0.1539730040817711,-0.26215681038476285
0.220172364378196,0.220172364378196,-0.23999024190932908,0.0043850474413457555,0.05177041296842241,-0.5667027931403087,0.11978105173302382,0.06141539786449758,0.47250000000000003,0.0,0.5531404452313347,0.7843731881328604,-0.008414175826347419,0.37068211487551744,-1.0,-0.07748402994040617,-0.07698415567568599,0.5464150368694877,-0.012189991345840777,0.02728527001922896,-0.2547369162549406,0.6200463669335895,0.018211162150263943,0.8857805241908422,0.220172364378196,-0.2343719041515655
0.17789801672068792,0.17789801672068792,-0.2268,-0.04718356417823136,-0.014588867470195952,-0.6303,-0.5952647835534443,0.016576133516852255,0.5844773620799739,0.0,1.1637838132002054,2.930973516715017,-0.05388472397510853,0.675130137441779,-1.0,0.03180881972039801,-0.05341158522735372,0.6630086978623083,-0.04256353984099727,0.09217369109262027,-0.6886729953581142,0.6169334453010157,0.045935420022780664,0.8813334932871653,0.17789801672068792,-0.2456537194427734
0.06451866509450911,0.06451866509450911,0.43860513640866144,-0.07429442155360645,-0.022742626478966403,-0.46721572367230435,0.7677999999999999,-0.00200099945447727,0.7906602413170254,0.0,-0.1441,1.503210316835332,0.037035971027160684,0.5659459316670671,-1.0,0.025896114620682444,-0.0633015074901294,1.6226925504460354,0.004487445141389035,0.06781600689712995,-0.014156422715721819,0.7846299999999998,0.005595076260894782,1.1208999999999998,0.06451866509450911,-0.22932005104883
0.10972310884917551,0.10972310884917551,0.8117034496361057,0.012155962136496135,-0.0446946242494453,-0.37979999999999997,1.1763105028375564,-0.07633909626795753,0.6099623143357934,0.0,2.3880999999999997,4.066559224412415,0.03413039953248351,1.3893,-1.0,0.012588228861955309,-0.054248810577713524,4.274771864637681,0.09110149147848802,-0.07213609814247406,0.8477999999999999,0.1199036246333853,-0.003345426834454684,0.17129089233340758,0.10972310884917551,-0.2570186217622707
0.11058710059991637,0.11058710059991637,1.3965297560205758,0.027022598080900184,0.025187305511749872,-0.6136112041329946,2.2599864346934746,0.06396691016756016,0.5050220381195705,0.0,2.3880999999999997,2.1659669802882653,0.151938479393072,0.7578768906005946,-1.0,-0.07253812213428254,-0.05921023905337166,4.33275163090636,0.07171511309595353,0.028296495237462443,0.873283743192771,0.6117452425800591,0.09244852352548112,0.8739217751143703,0.11058710059991637,-0.2595702989670907
0.0980681375518795,0.0980681375518795,0.3134806128171167,-0.012924350942786439,-0.011468451525282641,-0.43706031660557765,-0.12760000000000002,0.00506607730548356,0.691534613339726,0.0,1.3209874489657634,3.192965470919002,-0.04769280402599724,0.8203633712960738,-1.0,0.002417557653857228,-0.06311793824989692,1.643713605707163,-0.048951161270713445,-0.02298475095162862,-0.3652367529830632,0.7846299999999998,0.09375230313525255,1.1208999999999998,0.0980681375518795,-0.25574356608462473
0.07125761735406892,0.07125761735406892,0.11063899382709687,-0.00807400758526935,0.028591675603857447,-0.5842290126320815,0.29304216717752474,0.04046623847469802,0.4833,0.0,-0.1441,1.1799,-0.061683591501727655,0.6687513460477678,-1.0,0.04806540248491087,-0.07394796821616645,1.7963,-0.0620787990963379,0.07152255541098977,-0.08754609627443159,0.10710000000000001,0.0412361313768107,0.15300000000000002,0.07125761735406892,-0.2457175513704494
0.09850340333161335,0.09850340333161335,0.03292189842862185,-0.10108911005164577,0.005841463435001314,-0.48628837429570415,-0.0364274707964602,-0.010711784491340108,0.5835320634540118,0.0,2.294883143708488,3.5330874933683916,-0.03728831205618388,1.1495483850201358,-1.0,-0.01577104312035307,-0.08621837793781215,1.2868445280182528,-0.019027984232732456,-0.022967906786039105,-0.0072,0.4156311797279044,0.010606193829431492,0.5937588281827206,0.09850340333161335,-0.23004636188717312
0.10360039780526457,0.10360039780526457,-0.539,0.044776402020030324,-0.01039609692955258,-0.46798893923811785,-0.5702594847887689,-0.012690560347267912,0.7920987022712329,0.0,-0.1441,1.0834229632862784,0.02829781135934368,0.3176687898511346,-1.0,-0.010600349029302202,-0.055267571523687824,0.8036388421618691,0.014420153043329914,0.030887075606625004,-0.8581462653294694,0.5577879342821118,-0.01582308988849013,0.7968399061173026,0.10360039780526457,-0.25381240670241395
0.11385385893754998,0.11385385893754998,-0.3972808750216921,-0.0363172302495917,0.0758478197924086,-0.6151576352646216,-0.5422535501723325,0.050479874321233034,0.5716551415455969,0.0,2.3880999999999997,2.885454155253729,0.010517233303207944,0.5981080791211429,-1.0,-0.03444457074598761,-0.05008511220161491,0.5382,-0.057194427245281045,0.076817493359497,-0.6729226914574307,0.10710000000000001,0.06643742903123422,0.15300000000000002,0.11385385893754998,-0.2474884497897606
0.15065190311975615,0.15065190311975615,0.16970398632993788,-0.05368478140313516,0.04307500700209647,-0.5648986234867438,0.18957236351627327,0.0492230288249873,0.8631551035690801,0.0,0.7688576062769746,1.1799,0.0073209553595776486,0.890977191274737,-1.0,-0.011881729810518224,-0.0733175074908103,1.4193260623383825,0.07784920735454451,0.04155787646716469,-0.3896999775026331,0.7846299999999998,-0.011662005812448173,1.1208999999999998,0.15065190311975615,-0.25013420995107455
0.15599706161429036,0.15599706161429036,-0.3599660448382208,-0.02144520578840573,0.08476664962868541,-0.5208253362353741,-0.40372419501603096,-0.011701897844589247,0.7196038400191781,0.0,-0.1441,2.9887,0.02193668785546239,0.8252244049384031,-1.0,0.058410983086923454,-0.046650741889710606,0.6246853173067409,0.07027932622774015,0.024385165870963656,-0.6864679528120186,0.526658717956373,-0.06361985684220964,0.7523695970805329,0.15599706161429036,-0.22220664611986568
0.2202873120067743,0.2202873120067743,-0.450243859798232,-0.011248168356888891,0.038271576770148794,-0.37979999999999997,-0.5117470856794285,-0.073954608093888,0.8581824542560992,0.0,2.3880999999999997,0.9682857548841975,-0.0008766716268367451,1.1473,-1.0,0.006300036169296747,-0.05310573050822641,0.7913087110265995,-0.012827216225051423,-0.03446440292084837,-0.7334038584360555,0.6843800806734498,0.0001844040749598868,0.9776858295334998,0.2202873120067743,-0.24687774691943803
0.17099891872888007,0.17099891872888007,-0.0261,-0.06430592803288597,-0.07723529445508008,-0.614642158220746,0.435898914121882,-0.11350176144861208,0.7930918416369775,0.0,0.08919800797200529,1.384987689357427,-0.02631730476820376,0.8462900597661474,-1.0,0.003928854011695464,-0.06319827838225982,0.4806,0.006172670574201176,0.008726782543672621,-0.5412,0.7846299999999998,-0.0557879913377343,1.1208999999999998,0.17099891872888007,-0.2576005310765945
0.11536690156049162,0.11536690156049162,0.3663282376880797,-0.09043900833931488,0.062018395477982685,-0.40896681771435367,0.28351205368240945,-0.0523099327242002,0.5573944600570124,0.0,1.1599495781815332,1.4163706515291046,-0.027807691901661397,0.8452858959944256,-1.0,0.014889500695769787,-0.06883369554392023,1.3342641177933545,0.03574425644231418,-0.016081356744683035,-0.4564779687587564,0.280737908983036,0.05609172587956806,0.4010541556900515,0.11536690156049162,-0.25067325622889297
0.12989808692703206,0.12989808692703206,-0.3431141860456854,-0.07594460765995303,-0.010550694681461035,-0.5551045596531061,-0.4457330969406856,0.02206239563986099,0.5277636943317678,0.0,-0.1441,2.9887,-0.017282775818250867,0.23175957095504052,-1.0,0.0879622839796806,-0.06872323055359851,0.6020245357608401,-0.03462260768837316,-0.014448550093536149,-0.7302537976559188,0.7487137944133101,-0.029108729098124536,1.0695911348761573,0.12989808692703206,-0.23881393050224736
0.16807682918352615,0.16807682918352615,0.8092358280901798,-0.008775709871046523,-0.003762646768957747,-0.5409289409465252,2.508132517640192,-0.04223706926501312,0.7782627573240757,0.0,1.4053406193765503,2.849217862986061,-0.0157788602468606,0.8826505791977747,-1.0,0.022368206508514586,-0.04225302847074622,4.628975527660885,0.04751167622282731,-0.00872535021575448,2.5282285780581732,0.38035140122540034,0.0017243559335617257,0.5433591446077148,0.16807682918352615,-0.24203874980227327
0.13303983970096325,0.13303983970096325,0.5094,-0.04723608444535044,0.05191043611101043,-0.37979999999999997,2.831664752368191,0.007696241374913218,0.9019999999999999,0.0,-0.1441,1.8665999999999998,-0.024262878791546226,0.7272307214714626,-1.0,-0.018632220190626825,-0.06332202719513749,4.367539490667568,-0.046012482417817226,0.09018104060590816,1.6199899762351717,0.7846299999999998,0.023765556597803508,1.1208999999999998,0.13303983970096325,-0.2519220481506039
0.1263576404888522,0.1263576404888522,-0.2268,-0.09292458172640304,-0.04300884714549043,-0.42520434459643724,-0.5602573652828987,0.08596461345183784,0.5785594141410307,0.0,2.3880999999999997,0.6398999999999999,-0.07507955573385851,0.8301617163692132,-1.0,-0.07516393922009262,-0.07169961209759199,0.5876949239009323,0.018943600119457824,0.004610122643794487,-0.5677106614008645,0.7846299999999998,0.037084537201818916,1.1208999999999998,0.1263576404888522,-0.24492658184847002
0.12301159031569261,0.12301159031569261,-0.41493520328053873,0.00712585380249293,-0.03430848082618429,-0.6303,-0.5867629819734547,-0.03666846017298208,0.4806,0.0,0.7918630163890075,1.1932049526929136,-0.008119877417292977,0.2241,-1.0,-0.03472720115121987,-0.05673953477712483,0.8229671558333727,0.002083890730787254,0.1363207145978495,-0.7063133357268798,0.31809296857392266,-0.058277599083402055,0.45441852653417525,0.12301159031569261,-0.2616123311805071
0.18672147987205456,0.18672147987205456,-0.07338307683112365,-0.040481796769805095,0.009282731120060065,-0.5079384101384823,0.25559465187045916,-0.03379774003803754,0.5197033133502209,0.0,1.2663081587043534,0.383963520649816,0.014552394245463658,0.8040990323968172,-1.0,-0.0207897974502776,-0.060282596673372275,0.6440625366007442,0.06638921433601534,-0.047801988782811194,0.2167,0.10710000000000001,0.03680750177795787,0.15300000000000002,0.18672147987205456,-0.2466557078772742
0.11294281862919199,0.11294281862919199,0.9128759330190732,0.023715015791999885,0.055953992868307795,-0.4241733905086859,2.6589048212027544,0.10813131619673254,0.9019999999999999,0.0,0.10936918306536601,4.403373039826821,0.07110700971910199,0.7337977577134195,-1.0,0.02445350613962867,-0.0491871652992358,4.305343014124802,0.0733575056734279,0.09174085445306013,2.302692817873938,0.5899547911520419,-0.04370217966541318,0.8427925587886314,0.11294281862919199,-0.24686277579081087
0.2447851461603141,0.2447851461603141,-0.29697219173279077,-0.10134633495748775,0.09746933868751562,-0.5118044879675498,-0.4052245129419115,-0.04556777618490435,0.7072747818130464,0.0,0.3662629293163996,1.9402580025575773,0.07502459393030314,1.1473,-1.0,-0.01016171853592503,-0.059185802642339636,0.7146619499154645,-0.0689783627339686,-0.07070956575195514,-0.74064899823037,0.5754278235333639,0.07094586598292918,0.8220397479048055,0.2447851461603141,-0.25663617505778624
0.2223988059376475,0.2223988059376475,-0.3279796509662563,-0.028933682020131142,-0.014460520937314023,-0.3960798916174619,-0.04413191395008781,0.064492922101047,0.8477695472943289,0.0,0.7870287813703354,1.1750641743663164,-0.019196870742916552,0.9680687069458046,-1.0,0.01455878464523671,-0.06431697711201587,0.6313397353328281,-0.02270484145902682,-0.07055187696305076,-0.28264243349600326,0.5069435476167383,-0.06750013320048226,0.7242050680239119,0.2223988059376475,-0.24810038059010595
0.12105447655520499,0.12105447655520499,-0.41533643801369435,0.021755624313875295,-0.02916026935559878,-0.5507230047801629,-0.4262289639042388,-0.04880227279994878,0.7970303255536857,0.0,1.3286559190031075,1.0968110107748925,0.036813511776283246,0.2241,-1.0,-0.014975503720330073,-0.04818785578916635,0.7623162405193441,-0.007900977770613831,-0.011262262238218064,-0.7271037368757821,0.2890390333365664,-0.015901981432660563,0.4129129047665234,0.12105447655520499,-0.26060090718221207
0.16174311123565452,0.16174311123565452,-0.049378378082158246,-0.017006120889433755,0.03364322752835839,-0.4991753003925959,0.1501922260999487,0.0266256847828244,0.4662,0.0,1.9181281118786178,0.7781157704957686,0.06141326873572357,0.5981310194765702,-1.0,0.023127409802770477,-0.061692491199086784,1.1935916907579545,0.006436424167319878,0.03252782411129136,-0.316149417405873,0.7846299999999998,-0.019888159603036276,1.1208999999999998,0.16174311123565452,-0.2522922589866987
0.12919712898073657,0.12919712898073657,-0.09991291445984024,-0.054576139738524355,-0.048694712629519354,-0.5844867511540193,0.7304,0.02165234340514956,0.4662,0.0,1.3506613291151406,0.652871116789617,0.010590373639224842,0.4699277041047044,-1.0,0.043058122225997086,-0.06505886054076039,0.9784633708019728,-0.05403709110226045,0.013783835361950384,-0.14455934050304722,0.17697385456390652,-0.08186133762905866,0.2528197922341522,0.12919712898073657,-0.2646567088658729
0.16116415580945842,0.16116415580945842,-0.07945845925934991,-0.015479337404926604,-0.0410499361663358,-0.525722368152193,0.7304,0.036371304453751196,0.6163348128452221,0.0,0.8330396015944012,0.5364672621686054,-0.012191390943987046,0.652013572314021,-1.0,-0.03801864453584461,-0.05907862957573489,0.9115882750853193,-0.033069663455755564,-0.045276882594593074,-0.13827069894116356,0.7103210942782322,-0.003906407626984731,1.0147444203974747,0.16116415580945842,-0.2494947843253731
0.0932360047742948,0.0932360047742948,-0.39366976242329166,-0.07033944417685306,0.018355272639241634,-0.5154128272746795,-0.49024252874180774,0.0425899999270693,0.49472181833933465,0.0,1.1867892233122384,1.7608581662101492,0.009471604145759255,1.0019801541614013,-1.0,-0.038743910184032504,-0.03580283931404343,0.7983068935628336,-0.003935163545797434,0.00724712884702827,-0.5812559227554523,0.5557126531937292,0.08150148456216032,0.7938752188481847,0.0932360047742948,-0.21964977756027826
0.11770734221321583,0.11770734221321583,1.4278,-0.02624942985914194,0.06740423815851296,-0.5535581285214791,0.9386999999999999,-0.0484874187277253,0.4869,0.0,0.5081296250072689,6.2469,-0.0856088544815879,1.3893,-1.0,-0.04996362496657453,-0.058616441042899044,4.966312349587747,-0.0009915082739952263,-0.0727905041459003,1.4432187047394196,0.6802295184966846,-0.009554772079845706,0.9717564549952638,0.11770734221321583,-0.2505927102449484
0.14706690536240155,0.14706690536240155,-0.2268,-0.09557626160772095,0.02334226985638024,-0.49118540621252305,-0.6022662672075534,-0.07649949771553058,0.4806,0.0,-0.1441,2.4168724931522374,-0.05246373128266926,0.5289857190898029,-1.0,0.03111621768947728,-0.07523373781848784,0.7056642866545921,-0.06907051150208927,0.030113833903557843,-0.8464910404429635,0.4166688202720957,0.030186248651972017,0.5952411718172795,0.14706690536240155,-0.2359150032570798
0.20411406514564812,0.20411406514564812,-0.061408186841127636,0.012323793217617765,0.02814777126075615,-0.44350377965402354,-0.26289999999999997,-0.010436665695187338,0.47250000000000003,0.0,-0.1452,1.1303582406182096,-0.005956569859125081,0.6209516181344981,-1.0,-0.020082253148509303,-0.04820256298469649,0.541643986394019,0.005103250509245967,-0.0464074846796283,-0.3831022955638287,0.11679070300081143,0.0927760641205273,0.16684386142973062,0.20411406514564812,-0.22858937371621552
0.17212773170886383,0.17212773170886383,-0.0261,-0.04787952643295289,0.024645634911966613,-0.4352561469520128,0.5071,0.0790371093798401,0.520679700951245,0.0,-0.1452,0.35092000440121524,0.03065140334705735,0.64012935784783,-1.0,0.002025692101902877,-0.07439871903571714,0.6609202482807331,0.09633720050641327,-0.015481484592015406,-0.4022375073862717,0.23404408449442776,-0.025696766739001356,0.3343486921348968,0.17212773170886383,-0.2556176657960366
0.14476953465002249,0.14476953465002249,0.47901802601586846,-0.010372496085353348,-0.04113955366310434,-0.5581974219163601,-0.12760000000000002,-0.04868448701142694,0.6752602565076321,0.0,0.4352791596524982,4.4242,0.07101146050002817,0.8504780886399155,-1.0,0.009390999930480896,-0.04092214768735523,1.3411081822969775,-0.08409817266649296,0.06558907856951839,-0.36457558475280455,0.10710000000000001,0.027607392518584496,0.15300000000000002,0.14476953465002249,-0.25929603741389423
0.07437389977124823,0.07437389977124823,-0.0143,-0.00070939469464943,-0.018957075355204845,-0.5981468928167246,0.6020901333762627,0.12103243349190483,0.8281405782636659,0.0,-0.1441,2.5561412586733363,0.03314875116264046,1.2617,-1.0,-0.07715810984632471,-0.045278712230620626,1.2892888367695468,-0.01948232085747888,-0.011886085459980716,-0.04589249776813686,0.6283474912871199,0.03429538013323379,0.8976392732673142,0.07437389977124823,-0.2610884886004265
0.15162102144898815,0.15162102144898815,-0.3649456157179832,5.702497297071338e-5,-0.04933319862352232,-0.528815230415447,-0.2232653693037741,0.07691557934414853,0.47250000000000003,0.0,1.8874542317292407,0.2178,0.018545454385716895,1.0236841521144668,-1.0,-0.0020514489518987525,-0.05472137699171283,0.6106651832724642,-0.03399353807135834,-0.00046570852543593414,-0.3536021773375625,0.6252345696545459,0.032163551346390894,0.8931922423636371,0.15162102144898815,-0.24721822686354164
0.1763248240418204,0.1763248240418204,0.011984987519312746,-0.044034942339952754,-0.061250648520344946,-0.6027861862116056,-0.11641534361115248,-0.08956915533194941,0.5336545384261999,0.0,2.387,0.3066064859549624,-0.08677832721523193,0.5591126191460023,-1.0,0.015998520123755473,-0.06657804159695976,1.2330721689521233,-0.061576262907903634,-0.0452176474673361,-0.3996985124423274,0.6241969291103546,-0.08376137975417439,0.8917098987290781,0.1763248240418204,-0.2590312232469626
0.14230791361730274,0.14230791361730274,-0.32345368412106074,-0.082133311010062,-0.06986180590273552,-0.37979999999999997,-0.5807617102699325,0.014085643698272261,0.5889158230341813,0.0,0.673001730810171,1.1557184197247943,0.03684056383250391,0.6178573248443829,-1.0,0.015536451743259098,-0.06573087886556772,0.5382,0.052327157381838935,0.010252804003093863,-0.7967200801168034,0.27970026843884477,0.0815849134321739,0.3995718120554925,0.14230791361730274,-0.23605329980588266
0.14895270271900604,0.14895270271900604,-0.2004210402032553,-0.0018974211965987256,0.021494401198132514,-0.46773120071618,0.5071,-0.0687654414410851,0.8800000000000001,0.0,2.387,0.2178,0.009557985889908756,0.8693033474221455,-1.0,0.004711755258096079,-0.07667402318118874,0.7461630167757715,0.098102307872183,-0.02536704407057207,-0.17181766502435453,0.1842373383732456,-0.03785732871901332,0.26319619767606517,0.14895270271900604,-0.2612150984914538
0.2032167973255723,0.2032167973255723,1.0226850918127817,-0.057687965522570925,0.07827445776261904,-0.42855494538162914,3.2131,-0.0026614642180426513,0.8129128485275455,0.0,2.3025516137458317,3.0513061522347047,-0.012187980936159828,0.7337977577134195,-1.0,-0.02612818755313224,-0.043733639421589754,4.760747723726065,-0.03892860171778481,0.01810797355869157,1.876003541849709,0.10710000000000001,0.05547772070380541,0.15300000000000002,0.2032167973255723,-0.24659844328518052
0.09881653234151964,0.09881653234151964,-0.2596,-0.07073978046955144,0.0002337487342488333,-0.46644250810649085,0.7304,-0.01585812573172052,0.655729531833109,0.0,1.8644488216172077,-0.0649,-0.025618242605365882,0.6510845627823408,-1.0,0.017715303942229435,-0.06140787311939273,0.9957864377647204,-0.0779639072725314,-0.008171695942642216,0.3764995317673137,0.6729660346873456,0.02016239839946369,0.9613800495533509,0.09881653234151964,-0.24229113232482724
0.1726566734011805,0.1726566734011805,-0.3718,-0.00858369207764826,-0.1271736495425672,-0.6110338189136163,0.21344560355194475,0.080657376773997,0.557782429790162,0.0,-0.1452,1.7290290055928585,-0.023377633395086292,0.9019055049348097,-1.0,0.09733980421254791,-0.05212246543890446,0.7289872350640846,-0.04016695001038372,-0.022509226322504662,-0.2053042857136297,0.7846299999999998,-0.053222759325518454,1.1208999999999998,0.1726566734011805,-0.24095694219688854
0.2033409083708185,0.2033409083708185,-0.3718,-0.07967221000831863,-0.05658627108897947,-0.5669605316622466,0.2673027208478243,-0.09881879481751944,0.5153095691456123,0.0,0.4841242148952361,0.5861120906412559,-0.012083288139282986,0.8395778508664812,-1.0,0.0701636953084589,-0.05916630029631425,0.7019512823697628,-0.02469341312877918,-0.027957373818925574,0.06498058127837689,0.7846299999999998,-0.021534798782436654,1.1208999999999998,0.2033409083708185,-0.2358360212487466
0.10809356868640271,0.10809356868640271,0.4928,-0.08614523638536016,0.037352178810480745,-0.525722368152193,0.034367658024396064,-0.07799846131378924,0.81729100704227,0.0,-0.1441,3.098889166837256,0.04041469528677818,0.9408222406714404,-1.0,0.06355340177996692,-0.06187781599946442,1.3841280163197502,-0.05112151867089897,-0.025651934462647897,-0.16622511567521053,0.4934542205422515,0.009872194635241416,0.7049346007746451,0.10809356868640271,-0.24838764729959187
0.212023233851264,0.212023233851264,-0.05960560568240341,-0.06283881874687329,-0.005047031060222703,-0.6141266811768703,0.22217626992194603,-0.0043473032135797245,0.500582428658591,0.0,-0.1452,0.8576829622620297,-0.017413724551557076,0.333363302947717,-1.0,0.06340174603223735,-0.05263299617134847,1.1106021141457219,0.0184771418580934,-0.010618932879526888,-0.2981818700862054,0.46543792584908655,-0.053439649627919264,0.6649113226415523,0.212023233851264,-0.22248574285206973
0.11971801339852195,0.11971801339852195,0.9412535807972225,-0.042694538660157155,0.018539233551021186,-0.5981468928167246,2.4044765589409303,-0.0073659439693012935,0.7079725723113225,0.0,2.3880999999999997,2.6423179478029257,0.03306565254571838,0.8476263859073382,-1.0,0.03651352483489369,-0.046165843447037586,4.984233368252611,0.008748089481655152,0.0006861203520291631,1.1628228947806407,0.5723149019007899,-0.09043358106364147,0.8175927170011286,0.11971801339852195,-0.2582091870162159
0.13504063319554524,0.13504063319554524,-0.28008009100627224,0.023767485920825466,0.06954250067723992,-0.6303,-0.08042692777991967,-0.05337977399125518,0.7476898181893554,0.0,1.8797857616918965,0.2178,0.003384199914078093,0.7897157276118184,-1.0,-0.004780250724469776,-0.061370748009372054,0.6211614943184951,-0.0034099444574241366,-0.010771170268638594,-0.19892588177281537,0.6024064776823375,0.08330559557140518,0.8605806824033393,0.13504063319554524,-0.2494495014618386
0.16551755520338382,0.16551755520338382,-0.1280510528724098,-0.018966966388443814,0.06259538127336442,-0.4548442746192883,-0.019544969097621066,0.04848947412929387,0.7559891127980606,0.0,-0.1452,0.25373319190533067,0.015526165492466278,1.0208074911574672,-1.0,0.0035988344847124537,-0.06598652210832087,0.7693821290897184,0.08298790126987998,-0.011813759869978204,0.19414326107986676,0.6584390670686674,-0.07222748886037705,0.9406272386695249,0.16551755520338382,-0.2505498779912369
0.14930239990986516,0.14930239990986516,-0.4719105353886347,0.0748152271799901,-0.021284011704403118,-0.3916983367445187,-0.5322514306664623,-0.10740363909483093,0.6668354708969342,0.0,-0.1441,1.8893834221008439,0.039537476334693955,0.45788843448613875,-1.0,0.02273986168238157,-0.06624523747741261,0.7583172790700675,0.03382293520981355,-0.09228151463816574,-0.5147896402945678,0.10710000000000001,0.07018284447126291,0.15300000000000002,0.14930239990986516,-0.23959342646820725
0.14293999968070722,0.14293999968070722,-0.34030554291359616,0.007856718067167251,0.009077482477646342,-0.5819093659346409,-0.5127472976300156,-0.030798107329517085,0.77779699475212,0.0,-0.1441,2.9887,0.035714021852285914,1.0246917867431273,-1.0,-0.06545079601916219,-0.05954649900248558,0.6130216797463508,-0.008057204441172484,-0.008113761181569111,-0.5245548287129915,0.7736171674739012,-0.03369014529340148,1.1051673821055732,0.14293999968070722,-0.22644205876515247
0.10949605959724558,0.10949605959724558,0.4928,-0.001973679014328472,-0.07373093235028326,-0.5009794700461607,-0.0936081517671518,0.03867832489589667,0.4833,0.0,1.0947675828641068,3.059087653571902,0.010294629446598915,0.3073747379216683,-1.0,-0.011468191033622607,-0.06624083461272964,1.3381750117954248,0.05570802435751246,-0.033020077946542895,-0.3096986216413369,0.3326199361926008,0.010360071883557007,0.47517133741800116,0.10949605959724558,-0.25444820678739116
0.1425690597297785,0.1425690597297785,0.751246721760918,-0.013442906153214165,-0.04270399573543744,-0.5071651945726688,2.9384618007250056,-0.005626196033807762,0.5812522387672041,0.0,0.6423278506607939,6.159616505916225,0.05201071479836329,0.3447,-1.0,0.04565830729374606,-0.06740039681514903,4.373864556078696,-0.006765613746654506,-0.007095650478372653,2.7720510215005896,0.1219789057217679,-0.01231417891543675,0.17425557960252558,0.1425690597297785,-0.2689193059967862
0.16730309496240897,0.16730309496240897,0.21089404689112964,0.026422731074722598,0.06884248267248069,-0.4940205299538392,-0.12760000000000002,0.0688749294681122,0.8965,0.0,2.3880999999999997,1.807149145407127,-0.00786281183351072,1.2617,-1.0,0.046491019029491945,-0.07293609114920428,1.2184038829820234,0.003464009674524475,0.055050084145465986,-0.41019619264065116,0.5297716395889468,-0.01978239345350792,0.7568166279842098,0.16730309496240897,-0.2566978244105427
0.21386725426166447,0.21386725426166447,-0.11074174368362924,-0.13515649046113098,-0.0028928339889379012,-0.6105183418697406,-0.1463,-0.0310758251154442,0.5803445757451771,0.0,2.387,0.029594781287238803,-0.029491333132455957,0.7170442395316341,-1.0,0.03582310584410989,-0.062243274837944965,0.8415,0.04210452490805014,-0.04060062149218009,-0.1328804347452633,0.3710126363276787,-0.05776704592612826,0.5300180518966839,0.21386725426166447,-0.23563065969084507
0.1919248689975804,0.1919248689975804,-0.3718,-0.028986811106472155,-0.026546541697358636,-0.42133826676736974,0.4464361762015106,0.034006727140518264,0.6891065621279076,0.0,2.1750218581296514,1.3636065906083326,0.08990910569281055,0.6957448030164923,-1.0,0.06440973161239053,-0.062417084600743064,0.7162644337961684,0.07145560470892927,0.042180048921846146,0.09687260098244846,0.5723149019007899,0.0317380997437656,0.8175927170011286,0.1919248689975804,-0.23070680555897893
0.14935771353643854,0.14935771353643854,-0.0975065079656649,-0.012634078844300798,0.010455259758975566,-0.49659791517321755,-0.1463,0.02263071448966682,0.8712000000000001,0.0,0.6336593806234497,0.8576829622620297,-0.02904151971219712,0.41140010360885265,-1.0,0.06448872585689171,-0.07207989855871214,0.8475332135253922,-0.0518084033825328,0.010882103043860215,-0.03675405658504153,0.10710000000000001,0.012766443132416767,0.15300000000000002,0.14935771353643854,-0.2561829519860298
0.13575031761263073,0.13575031761263073,-0.3718,-0.03367596848127852,-0.006777849824054075,-0.5643831464428681,0.11626863103981429,-0.026305546548184452,0.6114837478464892,0.0,1.5883839002728135,1.4102562606063571,0.05904616265493195,0.8750566693361451,-1.0,-0.030539552406142135,-0.06408250906958789,0.6027134324800166,0.05545278054312637,-0.041678067788477255,-0.33366966502251777,0.7846299999999998,-0.04391076056118648,1.1208999999999998,0.13575031761263073,-0.2564111357972552
0.10019615889972791,0.10019615889972791,-0.4032993960190262,-0.016499796746357105,-0.020846246361661734,-0.5520116973898521,-0.5627578951593663,-0.005438068397993937,0.5114893374996738,0.0,-0.1441,2.888131764751452,0.0329233848462858,0.36704190415923466,-1.0,-0.033540030338242835,-0.04746813504218214,0.8279658576449684,0.0402275069700123,0.015780340409722957,-0.8014451712870085,0.3834643228579742,0.00046753481327479085,0.5478061755113918,0.10019615889972791,-0.24897398726452433
0.21624843888171028,0.21624843888171028,0.5094,0.08020444327905046,-0.07457395044420778,-0.5927343838560301,2.1374839380488924,0.03784963925629113,0.6842125097718003,0.0,2.168353388092307,3.7153105311945342,0.09529110283624147,0.5783778999871075,-1.0,-0.04400832171504669,-0.06140734825192482,4.922036891709846,-0.002713799869837791,-0.023643297331077513,2.8116721685599826,0.7846299999999998,-0.047158416049744994,1.1208999999999998,0.21624843888171028,-0.255485279746725
0.10710845665520842,0.10710845665520842,0.19146477304151088,-0.08091950111080555,0.017703487398079084,-0.4270085142500021,0.07248811200485714,-0.03365062469097914,0.4833,0.0,0.7688576062769746,1.901225449488873,0.063286587539007,1.0758192494541787,-1.0,-0.004581994205644487,-0.06436840413014448,1.5400749146523014,0.037008134536467285,-0.01726757980889647,-0.12060450778736392,0.17178565184295005,-0.03845740875226894,0.24540807406135723,0.10710845665520842,-0.2565866346336072
0.1642190041226542,0.1642190041226542,0.9819693363050022,-0.0016351494327049325,0.009802868051190267,-0.37979999999999997,1.18887486146777,0.08866632022025618,0.626297357331715,0.0,0.6538305557168104,1.8665999999999998,0.04321123699903331,1.0118022919562593,-1.0,-0.03285503425211731,-0.06498197109680745,4.4581987615604115,-0.01924200508378536,-0.011640490045501072,1.7114233925260778,0.10710000000000001,0.026165356002821685,0.15300000000000002,0.1642190041226542,-0.2426457615013044
0.20430209712953012,0.20430209712953012,-0.24363477364541483,-0.06541095002755534,-0.021169217565824572,-0.413090634065359,-0.17760390029205014,-0.004481525090278301,0.7550127251970364,0.0,1.7302505959636827,0.7629920893837658,0.04374492082810807,0.7523191351708213,-1.0,0.04783368727228554,-0.050836742786102646,0.6386553460618798,0.013471206951070326,0.06982652589974651,-0.46123774383880406,0.7846299999999998,-0.0758450642749044,1.1208999999999998,0.20430209712953012,-0.261071217491567
0.14499778138841576,0.14499778138841576,-0.2509149219693424,-0.02602808195516577,0.005017953876988692,-0.5290729689373848,-0.1463,-0.027430724527630464,0.7797499434616422,0.0,2.1251768028869136,0.31397381852591255,0.02254563627491067,0.4355543514325375,-1.0,0.0021453733627081976,-0.057291563741205226,1.0546042930335842,0.029340329740315987,-0.02229334458531456,0.3010358330247097,0.19565138435934987,0.038123287942942896,0.2795019776562141,0.14499778138841576,-0.24313617708210183
0.17476835475431862,0.17476835475431862,0.9412535807972225,-0.07333265199125845,-0.05455225171543968,-0.6303,3.2131,-0.05675060059841998,0.6906475267095876,0.0,-0.12068491805496258,4.802737992389617,-0.03823445263038714,1.0413539550450652,-1.0,-0.062337602184348855,-0.06712334657319313,4.587862602488549,0.027527277434684545,-0.021270902506952814,1.019577209258221,0.38761488503473945,0.030520385070080282,0.5537355500496278,0.17476835475431862,-0.24462788285419376
0.11125327423759208,0.11125327423759208,1.0831418196879694,-0.00017068989648244282,-0.01688702158548343,-0.41798766598217785,2.6526226418876475,-0.05534002477255911,0.5792722335555773,0.0,-0.1441,4.028066216936483,0.07075422910251926,1.2120968973359432,-1.0,-0.05792550048140726,-0.06967336992483886,4.097670033126079,0.022003320370551197,-0.05680725443059475,1.1018672839200365,0.7092834537340409,0.05919836648534571,1.0132620767629157,0.11125327423759208,-0.2488179224972882
0.1812962793780555,0.1812962793780555,0.05229229629674958,-0.07699181090576583,0.03987323089581769,-0.49350505290996355,0.07687514442939587,0.05830052099538039,0.8084448622305969,0.0,2.387,0.24472089235898162,-0.030283470082735294,0.5814088479063269,-1.0,0.01769726898880458,-0.0391661551601202,1.0066637123692364,0.04216257438141129,0.04020999435201322,0.2920520593648759,0.7846299999999998,-0.018189914590829134,1.1208999999999998,0.1812962793780555,-0.24791715514143647
0.21140227545528864,0.21140227545528864,-0.0770276085672094,-0.05643536039927702,-0.054581137813795644,-0.5218562903231254,0.27432756223424337,-0.036350819898914206,0.534837321166095,0.0,2.2823804386524715,1.8678,-0.03341346440486915,0.7331413954574894,-1.0,0.07925625802566667,-0.057460337472789204,0.581402740356257,-0.07041094561185686,0.009945799107258818,-0.3918726009824484,0.6252345696545459,-0.008660458316891112,0.8931922423636371,0.21140227545528864,-0.2396806713491722
0.10944856354132781,0.10944856354132781,-0.21722523105088773,-0.09234108855992221,-0.08046773911503224,-0.5481456195607846,0.45412485557060406,-0.0003189498617995573,0.8712000000000001,0.0,0.5531404452313347,1.1495,0.038003013901250216,0.39746496063364983,-1.0,-0.05074293191119316,-0.06404139810032856,1.1819086921086595,-0.01556586909367133,-0.06642761866521128,0.23365753057595612,0.47892725292357335,-0.08005392387056467,0.6841817898908191,0.10944856354132781,-0.2348937062796431
0.1484492391891294,0.1484492391891294,-0.08848185116633601,0.0011023700195558585,0.15111712907836433,-0.6303,-0.26289999999999997,0.021832804807931386,0.5446011971763363,0.0,1.8222722364118142,0.7066237381361528,0.0022290200825046433,0.5969794434928333,-1.0,-0.0791684845079168,-0.08228759420086623,0.7942,0.0011479392281570561,-0.0026298405293699104,-0.22922330049168338,0.7846299999999998,-0.07640205642494013,1.1208999999999998,0.1484492391891294,-0.2655603111809799
0.18436548039916004,0.18436548039916004,-0.2094044099448179,0.004695601274613454,-0.0435202344928004,-0.5914456912463408,0.1501922260999487,0.07630416807294227,0.6883152870453119,0.0,-0.1452,0.7781157704957686,0.06474665041746708,0.3723817032782848,-1.0,-0.05000050083532348,-0.06212362661436379,0.9405943406973618,-0.010890399114387796,-0.032361807462245006,-0.009802735605540099,0.47477669074680817,0.05613198327399748,0.6782524153525832,0.18436548039916004,-0.2365615682167727
0.19741386481251694,0.19741386481251694,-0.19573521368543076,-0.06452507228343216,-0.08261151103220182,-0.6061367869967974,0.09519410688055709,0.056115618994206265,0.7725877020154708,0.0,2.387,1.8678,0.020778182097040757,0.7877979536404852,-1.0,-0.062004846223779934,-0.05847098275224286,0.6901826911969403,0.028720072890148263,-0.049559574140745286,-0.2045069852210279,0.6833424401292585,-0.044907102836603915,0.9762034858989408,0.19741386481251694,-0.24362924472028186
0.11476020823984502,0.11476020823984502,-0.13480580862538258,0.04631873246929967,-0.013929232905064998,-0.4416996100004587,-0.1463,0.007985035224996785,0.4662,0.0,-0.1452,0.007492783574388511,0.01696449722114209,0.7792878781542066,-1.0,-0.05478502076414091,-0.04822495803425265,1.0018293681005626,0.04448460569560552,-0.014083254690744784,-0.29908024745218875,0.7846299999999998,0.024250602345043955,1.1208999999999998,0.11476020823984502,-0.2328869867591208
0.14037918535104135,0.14037918535104135,0.5871498889568367,-0.03593905235314428,-0.041271847169939244,-0.4453079493075884,3.2054544216170435,0.05345572516157704,0.4869,0.0,1.3631640341711568,3.0513061522347047,-0.04148199564149925,0.8870286033590793,-1.0,0.00694847437654969,-0.06960419433030748,4.3949481074491255,-0.014146675325618533,-0.03606262583427615,1.4249320214812384,0.7846299999999998,-0.07253409942841237,1.1208999999999998,0.14037918535104135,-0.2546570130917904
0.08468937006727464,0.08468937006727464,-0.008268162132569912,-0.11175260247913252,0.018671818584537436,-0.5695379168816249,0.27262049540227773,0.008395946891518976,0.6565200880343117,0.0,-0.1441,2.3426604147955277,0.05266016810405558,0.9813213433062619,-1.0,0.07316470172295113,-0.07138804335184902,1.3567517583052584,0.014311753697107146,-0.017717864419992634,-0.21647390117486767,0.10710000000000001,0.01819346503134079,0.15300000000000002,0.08468937006727464,-0.2505514631567143
0.1288892261409947,0.1288892261409947,-0.2268,-0.04034828527088372,-0.03428608764374661,-0.5968582002070354,-0.610768068787543,-0.11912091810251045,0.5726414662020874,0.0,0.5771458553433675,1.3886704460266786,0.0708579689486887,0.9387825678470333,-1.0,-0.022925292997566685,-0.04881479860306643,0.6313502530555353,-0.045857291856335226,-0.04653875891547048,-0.5714907343370286,0.5826913073427029,-0.00900231781452541,0.8324161533467185,0.1288892261409947,-0.2505861972400322
0.09216827106670378,0.09216827106670378,0.45570289739632597,0.012346333978411271,-0.005554125135209051,-0.4056162169291618,-0.12760000000000002,0.018729683212164307,0.6210124004006523,0.0,2.329391258876537,4.209713218879411,-0.05334574165562744,0.6947123092752174,-1.0,-0.05015787320283293,-0.08130226764744396,1.4095488273332069,0.05137497645083888,0.012864990405976398,-0.5106937636399654,0.25583453592244493,-0.05548705625979466,0.36547790846063566,0.09216827106670378,-0.27156768080087473
0.20392228738539062,0.20392228738539062,-0.13961862161373323,-0.0892426645149082,-0.03250453792409857,-0.42958589946938047,0.7193993874331497,-0.0225555557286217,0.5205229654302376,0.0,0.9327297120798769,-0.0649,0.03269683625766512,0.8786918980439866,-1.0,-0.05970925923605776,-0.04990111089916536,1.1794915199743228,-0.10217119834541744,0.04837589267987777,-0.35388126677717496,0.18112441674067173,-0.004568800350320625,0.2587491667723882,0.20392228738539062,-0.2371503558268159
0.1644760258709345,0.1644760258709345,0.1331,-0.009732288692076482,0.03469267247907052,-0.37979999999999997,0.5367732021810454,-0.007131549894679481,0.8712000000000001,0.0,0.9979117073973033,0.20641076299004113,0.03230638745642023,0.6594456485674625,-1.0,-0.06142635040920178,-0.057499193824470704,1.2004403451385757,0.05942178959703649,0.07861796180701346,-0.1975636050960667,0.7846299999999998,0.003096960441995718,1.1208999999999998,0.1644760258709345,-0.24970626314496777
0.137812800581579,0.137812800581579,-0.09004379333894419,-0.01783434651441684,-0.011617971994840643,-0.6210856212691919,-0.26289999999999997,-0.06684369927348544,0.752083562393964,0.0,1.5883839002728135,0.850460220630062,-0.016230311312758747,0.7225936386151569,-1.0,-0.051920064997455766,-0.06753945925951194,0.687638130943357,0.011500604380765167,-0.004101470635184352,-0.5412,0.7846299999999998,-0.0628472779890155,1.1208999999999998,0.137812800581579,-0.2599828246506789
0.15669607727671606,0.15669607727671606,-0.539,-0.016238598416832426,-0.0007256579655870193,-0.599177846904476,-0.6897848128839171,0.05164181451457187,0.5933542839883889,0.0,-0.1441,2.349932255709167,-0.03878957258873209,0.668217901438645,-1.0,0.05475431175558611,-0.0572994896777869,0.7106629884661879,0.023507502590577874,0.06258532828750475,-0.7586043446771492,0.6190087263893982,0.036820389459894215,0.8842981805562832,0.15669607727671606,-0.27160486177150395
0.15515973695344978,0.15515973695344978,-0.004859857939914585,0.0356900815455179,-0.01666918819084998,-0.37979999999999997,-0.011105353575267509,-0.008174172592907905,0.6922061234885599,0.0,-0.1452,1.1495,-0.012903823624823408,1.0131000000000001,-1.0,-0.02835809378134423,-0.039577144426449676,1.2540209941163762,0.10571010174140127,0.04553280542307303,-0.26224677544687014,0.19253846272677597,-0.042479086023157905,0.2750549467525371,0.15515973695344978,-0.24088560836145242
0.1878978542186643,0.1878978542186643,-0.14991824328892428,-0.012312780470769205,-0.05181395776776274,-0.5667027931403087,-0.20219084514451688,0.04740051357798826,0.6856892055243231,0.0,0.8253711315570569,0.2178,0.033884933296451016,1.009300847329468,-1.0,-0.026254125069647645,-0.06403091492997261,0.7347124956346469,-0.0004964022377188672,0.0591099782714591,-0.5353866896507705,0.7846299999999998,-0.06881672418996418,1.1208999999999998,0.1878978542186643,-0.25767076025257696
0.17280978188056043,0.17280978188056043,1.3558140005127963,-0.05550364768856042,0.021413158487231982,-0.4917008832563987,2.809677124765317,-0.052709962501471246,0.50056702639341,0.0,1.6162235454035183,2.6615644515408916,-0.019741304925358926,1.2525936208280104,-1.0,0.04292392548160065,-0.04163902028973726,4.586808424920028,-0.07434541882586905,0.06706582145675133,0.8477999999999999,0.7839935729158142,-0.08114249630053055,1.119990818451163,0.17280978188056043,-0.25667891796751036
0.12433247686383422,0.12433247686383422,0.896836392970554,-0.011413123185799377,-0.04770090438596139,-0.46979310889168274,3.0264123111365007,0.008842350117578517,0.800042814651971,0.0,2.0226524573827653,2.2044599877641975,-0.0431576365390416,0.737081275834398,-1.0,0.023403610033526086,-0.052304393377452296,4.437115210189983,-0.09625509302892725,0.033987094626565205,1.6017032929769903,0.16971037075456746,0.05501465780126872,0.24244338679223926,0.12433247686383422,-0.24413261829400737
0.24108393941931208,0.24108393941931208,-0.15646346707296058,0.05722090781861424,0.11441037465861853,-0.6167040663962486,0.09420463646061746,-0.02874351483141471,0.6615657864979811,0.0,0.2042250585321696,0.3891206107496035,-0.036952087461840775,0.7133282014049134,-1.0,-0.04168075118898648,-0.07899548175924333,1.0195552970856996,0.05919097290123764,-0.08592402541436062,-0.2532630017870363,0.6200463669335895,-0.030638285989165938,0.8857805241908422,0.24108393941931208,-0.24363163412667507
0.17164754031860016,0.17164754031860016,1.0263865241316708,-0.011991289531548014,0.08741565417511825,-0.5667027931403087,1.8861967654446217,0.0009453896992664221,0.8886480478722726,0.0,1.9651389321026833,5.846860820174276,0.007148431493401714,0.7939955899313573,-1.0,0.08897719240705625,-0.05479038270264277,3.8899970521273546,-0.04312023226125957,-0.021692438566918784,1.269495213786698,0.10710000000000001,-0.05486204626015148,0.15300000000000002,0.17164754031860016,-0.2345493179287274
0.16046459914561242,0.16046459914561242,-0.17571471902636324,-0.028797907228178092,-0.06222094280664481,-0.5558777752189196,0.3261532221092755,0.04378689382786677,0.7136057239264245,0.0,1.9411335219906507,-0.0649,0.013746267972074991,0.8489635930302206,-1.0,-0.014746701280059726,-0.05865075447465685,1.229446410750618,0.015007913132239356,0.0333677865946208,-0.39880013507634404,0.7846299999999998,-0.04024753251843852,1.1208999999999998,0.16046459914561242,-0.25139374995608427
0.15177489143538453,0.15177489143538453,-0.2527197268399739,-0.04161418067573167,-0.04567635673700808,-0.5112890109236742,-0.1463,-0.026136027876877327,0.7393825153629431,0.0,0.9250612420425326,1.115539602245283,0.007555080103198207,0.2404623497796983,-1.0,-0.0715513767127031,-0.06377154359595788,1.153708350541396,0.06711525629294453,-0.09865992572158432,-0.012497867703490243,0.6574014265244761,-0.01831753944984958,0.9391448950349659,0.15177489143538453,-0.23409526072496475
0.10029993146133646,0.10029993146133646,-0.2268,-0.028828224232733304,-0.021084869156379513,-0.5705688709693763,-0.40672483086779204,0.03953409135670931,0.6747260681488585,0.0,0.17838541340146458,1.7688909947033176,0.023916472335604108,0.2241,-1.0,-0.09673600543413924,-0.07535261592789358,0.5382,-0.0652083037688053,0.04994273557035386,-0.6370119985638721,0.7846299999999998,-0.017846300228357745,1.1208999999999998,0.10029993146133646,-0.2683847676334389
0.14928413830614526,0.14928413830614526,-0.1317978005076634,0.018884816134686358,-0.0699871327814264,-0.6192814516156271,-0.1463,0.012319013370529876,0.5428952749789142,0.0,0.1428772982334153,1.0698621403053925,0.03477632283424417,0.9994631371624109,-1.0,0.055479938036467204,-0.0724719770315558,1.1226879748174061,0.031535272007603546,-0.00031542127904110503,-0.2586532659829366,0.6636272697896238,0.087272819228264,0.9480389568423199,0.14928413830614526,-0.2491545392803797
0.1503500247610556,0.1503500247610556,-0.4041018654853374,-0.054220794901722456,-0.016264398434987525,-0.5901569986366517,-0.6542772886380781,0.004955462651700684,0.4806,0.0,1.7312505959636826,1.3859928365289558,-0.01766359158794915,0.773876366057979,-1.0,0.016217424640245334,-0.06282000647713094,0.7926416981763584,-0.007052556228359007,0.00842050726120102,-0.604566372528464,0.4083676959185653,0.038590865012207515,0.5833824227408076,0.1503500247610556,-0.2333150385760486
0.14485273142593832,0.14485273142593832,1.4278,-0.08500380319018522,-0.05010397872640639,-0.5870641363733976,0.9386999999999999,-0.1404073520695591,0.4869,0.0,2.1261768028869135,2.7674202220997053,0.028453922662481118,0.8355868194637507,-1.0,-0.0553973516668819,-0.06792947862916038,4.3949481074491255,-0.011426414039073527,-0.05255269615159724,3.7412452341841953,0.10710000000000001,-0.05476195616810924,0.15300000000000002,0.14485273142593832,-0.2381402490879624
0.10334395939902274,0.10334395939902274,0.5094,-0.06737713930944858,0.001507879622870043,-0.6123225115233055,2.401335469283377,0.03951052061112372,0.4869,0.0,-0.1441,3.7345570349325,0.06350696857422303,0.814791204697554,-1.0,0.051029233286064936,-0.06568809029817864,4.647950723894271,-0.018697012869737902,0.004908568040260663,1.5986555124339603,0.10710000000000001,-0.009586553124803422,0.15300000000000002,0.10334395939902274,-0.25480289741676393
0.22203379482605967,0.22203379482605967,0.1070380440392384,0.011636152136879716,0.053247577116599415,-0.6303,0.000891987061732043,0.03427497116874058,0.496691592215343,0.0,1.7034109508329778,0.8812584264890699,-0.0463279364035354,0.8155192498897339,-1.0,-0.06117106324869862,-0.05349491276075584,1.1794915199743228,-0.007591476868603533,0.0029554322385790697,0.013555075910027805,0.17178565184295005,-0.04643283343137711,0.24540807406135723,0.22203379482605967,-0.2577156594827377
0.2375327168824251,0.2375327168824251,-0.3718,0.03060494610528451,0.013555065206386847,-0.41102872588985634,0.5071,-0.02844664647992533,0.6192948486546822,0.0,1.446517204581944,1.624067248097303,0.0586600280555109,0.8616322515368128,-1.0,-0.11681719885777118,-0.06175836788981059,0.6955898817358046,-0.009373476180289834,-0.06631367059809912,-0.31533175369267663,0.6158958047568244,-0.019257083249941617,0.8798511496526062,0.2375327168824251,-0.2519691506117218
0.11924104670471258,0.11924104670471258,-0.33107714405101724,-0.05879729614808668,0.07829009305229356,-0.6303,-0.7252923371297562,-0.05506183899941508,0.48781754574390085,0.0,-0.1441,1.6350105198171772,0.0880227827909789,0.8538608112371012,-1.0,0.01567398016709994,-0.06760626773432488,0.7723136441425357,-0.08489932471277954,-0.0848841242972858,-0.624726761521339,0.43430870952334766,-0.007336735339987896,0.6204410136047824,0.11924104670471258,-0.24316037685236416
