iteration,residential_demand_gwh,commercial_demand_gwh,industrial_demand_gwh,coal_cap_gw,combined_cycle_cap_gw,gas_turbine_cap_gw,vapor_turbine_cap_gw,cogeneration_cap_gw,diesel_cap_gw,nonrenewable_waste_cap_gw,nuclear_cap_gw,conventional_hydro_cap_gw,run_of_river_hydro_cap_gw,solar_pv_cap_gw,solar_thermal_cap_gw,wind_cap_gw,other_renewable_cap_gw,renewable_waste_cap_gw,pumped_hydro_turb_cap_gw,pumped_hydro_pump_cap_gw,batteries_cap_gw,cost_coal_eur_gwh,cost_gas_eur_gwh,cost_diesel_eur_gwh,cost_uranium_eur_gwh,eu_ets_price_eur_tco2
1,15.47787457595564,10.587262305532525,6.927599139336827,0,24.91324015201356,1.084380147113323,0.4809400036800402,4.223275207733489,0.7491274458298709,0.4180388972521902,3.4067562430557294,13.625462739816962,3.2624098572795788,46.2764189425548,7.188234220156446,43.253959019457355,1.980530981096646,0.1746199135019713,3.9335778999999937,2566.4631400000053,10.337499999999984,17276.470613770696,22739.525464191876,53520.967328822415,3775.7778825108553,128.95013726392924
2,15.08863567627778,10.452227271300403,6.846592491699553,0,24.125761336552326,1.13213935468761,0.4972618099911302,4.28126758959893,0.7698837458790754,0.43256128380120634,2.825251504933192,13.702329847849024,3.67915698939803,71.36913757742435,7.8000247567500045,50.10547969125171,1.9572010458320417,0.17306245813596577,4.035011913252788,2615.0211338555664,9.889640092995888,15255.038588245374,21644.795859176156,41079.71260346607,4090.121601996648,133.89933548087626
3,15.21204050323536,10.308785366119263,6.8367599037824345,0,25.003192633886385,1.1164841620581345,0.4708873558503937,4.173604647821178,0.8298591450344199,0.46986303174748095,2.631262113,13.604636188292718,3.767243992787686,30.95532289758337,5.078612766298535,41.43737277632509,1.854568932820602,0.15840677802751485,4.338662164432872,2760.383094387471,2.8063633225728215,22801.68330499643,18842.067131836844,51536.29870053395,1758.4261097931844,138.8130642525313
4,16.361726931601183,11.123491189673654,7.390540360068703,0,24.937456803990912,1.0700242954941603,0.4990536363744424,4.117472563720004,0.7982217458389225,0.477507283846755,3.993764180592672,13.78971096745854,3.4775618662448173,49.07756113197398,7.800195062616677,54.92014638195874,1.669612471134938,0.17452201748643772,5.107909467422414,3128.633394401609,4.9982567857330595,17099.214731438307,16531.2081547619,42813.447307414615,1992.1686269008956,129.56132285126603
5,16.216977159565335,11.205003096155243,7.380698662923894,0,25.26751515498808,1.0193199387705074,0.4668822500956768,4.25761054666506,0.8193335021335367,0.4246481492632464,2.631262113,13.661783274221955,3.3137545126807018,31.80539107862499,3.772305762868743,47.87471080411398,1.7635209663795317,0.17490477316743036,3.9335778999999937,2566.4631400000053,9.785818316306637,14457.717388185703,16428.85453736871,40863.33625086214,2757.6260878373296,125.124879
6,15.53023275486265,10.686873622410426,7.0905835955081065,0,24.884118633691504,1.2067323953922031,0.4590169119905779,4.1771084903608475,0.7330839817462974,0.41087855337598134,3.8488465960132303,13.63807063508178,3.465223303955611,32.969956378950044,7.8000247567500045,36.45307197145,1.9360413371036844,0.1771446439882987,4.541095665219586,2857.291068075398,2.2524999999999995,11812.230823018976,28361.165323517824,41401.93399195496,4304.776343848951,150.6941556596959
7,16.158293330234205,11.07633172927078,7.314829531413113,0,24.59240313217713,1.1694029575860498,0.4890600870690126,4.242909466369293,0.7373359041283097,0.42034663694237834,4.12217216692887,13.63501182238716,3.2944880971992627,77.35969473462498,5.6349217155457465,48.89867548002145,1.7499088970602381,0.17794039403350553,3.9335778999999937,2566.4631400000053,7.4900984668479325,12759.148008510208,54058.10649999998,43010.96215010303,2747.902075995178,130.47933362101125
8,16.39570770306022,11.16192192131999,7.422347928513291,0,24.31128414770781,1.1787065527021954,0.4473737453391805,4.069916234892651,0.77549425691007845,0.4321729161407023,3.0490482811191564,13.663125761357254,3.3728794640441135,34.483360702150286,1.9685447777000011,40.91155878978415,1.9902970005097351,0.1731360626962418,7.112001125210943,4088.022333912145,5.102083318198536,10888.954606809735,21032.15185577709,41143.99865677421,4118.058358406584,150.34257327269972
9,15.328528562340216,10.442006906988794,6.9171207930732965,0,24.795210442012376,1.1518170716805352,0.5042529765591302,4.181134677919817,0.7743547868538841,0.41893706349406024,3.027035483461523,13.615657271650877,3.613405744456456,46.639168362227906,2.086241085326997,47.75768626972461,1.9366664881209603,0.17896254397370506,7.15754866288796,4109.826627991928,2.2515045,16136.556921955324,40943.11784070538,37820.38782966767,2578.5225243817667,141.8917847491346
10,15.885348312781488,10.981094500653326,7.275222767597312,0,24.863270355306476,1.1858755125436111,0.473165845521792,4.259207285796334,0.7119586347052853,0.4482800242731673,3.371902646764473,13.522366880155037,3.4160504610632985,45.13347937740546,1.9685447777000011,36.45307197145,1.7499444116209246,0.1684777770588846,7.25525110000001,4156.598259999998,10.337499999999984,13010.612670391663,19381.08611065416,52029.564191204525,4159.5182535368685,134.00751467687513
11,15.057398259132606,10.48859701843622,6.849923473217045,0,24.73386326021745,1.125114642680663,0.47907497162186286,4.253615529933115,0.7951253200037713,0.4086361096248958,3.940566586253373,13.677138695768097,3.320423617335479,31.80539107862499,2.748308367084224,58.55319956714881,1.6785816538271334,0.1570483286179797,6.383240522378739,3739.1536286355936,3.07170297768869,13546.84405844228,25112.09847040647,45657.57185485295,2507.5960889975822,125.124879
12,15.68740590936332,10.63092754955672,7.050403770137492,0,24.64962684702937,1.1729156510135057,0.4352112604797361,4.363095681278144,0.7868805470808459,0.4641900081943053,4.399166537454114,13.759546911122774,3.328624589526462,48.06110415124207,1.9704726657000016,52.68184050801044,1.9448383386412145,0.16693231493920155,7.25525110000001,4156.598259999998,2.2510000000000048,14957.366658520375,29681.93257902012,47467.77034685326,1628.0884208005411,141.59977738402964
13,15.144223890115583,10.326296036345562,6.859772943770001,0,24.480024109983717,1.1252743914325825,0.4841218932609831,4.276436801851982,0.7896093898908978,0.42417794391962854,3.8029866008931585,13.618747016979118,3.2162793900496283,35.677027038368344,2.993596477167674,52.46515554954165,2.0866487566536804,0.16930207081072568,5.968251845765963,3540.4922825753265,8.297633261858447,10793.479152168418,37364.42363364629,61742.397071938954,2865.5461367960947,125.6017656666667
14,15.28299766332787,10.410990625156211,6.896574611683167,0,24.24197728633248,1.1137880292093625,0.4627736678214731,4.258086103992175,0.7489711868790774,0.5011905316978609,3.973585782739834,13.625252096748786,3.4868267786513703,68.7100430028393,6.95022871530345,55.393537138634386,1.6883823437370225,0.16806837403963967,3.9335778999999937,2566.4631400000053,10.338505499999998,17550.402353823876,47687.67176376087,46978.2148972596,2709.787684495997,148.69588269013005
15,15.31023491349254,10.355849011155671,6.891174995153004,0,24.669225281610867,1.1101303153990956,0.5064721050479367,4.2560641379515065,0.7808757214681149,0.4189440971451472,3.215978663356222,13.652794677579434,3.5750944865529584,58.84875415919753,4.2743422028203515,37.075878413694255,1.6663906899755991,0.15726287773378023,6.985480187219243,4027.454850357192,10.337499999999984,17452.589368089335,26607.9827261107,56266.296366532166,4304.457207755467,139.30829528081813
16,15.468368550306408,10.715276521536554,7.018899405323522,0,24.450295567658717,1.166943987756666,0.4731788609419638,4.245148407064308,0.7662993917381768,0.42143909134739416,3.5278266301727164,13.694820781090392,3.4036274559890014,44.30225060275144,6.543645986018462,60.412040701813964,1.7776147999580114,0.16767489139380531,7.203096200564967,4131.630922071719,6.3826105519395275,20985.20115491703,20806.57993775114,62867.93942596889,3971.331163110061,149.85576689070504
17,16.35789717738063,11.308125147673538,7.466902148617143,0,24.801236939726465,1.122251938398306,0.4639710591461216,4.220973347953641,0.7837535048376832,0.4634637310649307,2.8527675020052414,13.588609447150906,3.581890813031062,44.3506521081194,2.7835360030595533,56.09116327881544,1.7614636347904606,0.16270493178714268,5.123091979981423,3135.9014924282064,2.2510000000000048,22211.654102359986,36675.99244472078,60334.93880107162,1805.1673936279844,126.74647644774592
18,15.796503028032769,10.847536358282367,7.086356932459024,0,24.992260670614144,1.1626109454092448,0.5130674965807108,4.150438530884234,0.7596666019785518,0.4241907271211894,2.6381427248433047,13.640250408345452,3.9327522900070457,77.75067960634414,5.511172244026915,57.37928186535788,1.8277703919855772,0.18055391553558112,6.337692984701734,3717.349334555799,10.339000000000013,19897.873083997656,18351.85207142857,42454.43461493379,1820.517253916474,142.82357994477383
19,16.232600267928305,11.225140282841044,7.3175607915999885,0,25.11318594095428,1.0531767035181194,0.4578473215197567,4.278635352125006,0.8109185739204593,0.42687603527718737,3.5773554249024024,13.65346967929907,3.541559476869026,31.80539107862499,5.520163386707827,41.52612981348786,1.7499088970602381,0.1680283293442825,6.135259483915024,3620.441360867875,4.963653004378288,14772.598081887229,25756.6217446266,64123.55644426215,2404.4141644472284,138.01534647996232
20,15.577521208886472,10.805173322785045,7.113131734598708,0,24.730399794879546,1.1468426478249465,0.48787262442305435,4.185265387321114,0.7941050263610728,0.4195075135728705,3.3682338471548685,13.623450234143627,3.4957395839880387,42.168366966889856,3.0465692674503044,63.53362857540003,1.6364897481249998,0.17094703249235835,7.25525110000001,4156.598259999998,6.947888339807152,10682.882559352383,38783.781028568,52395.37945534689,2629.7095682899826,149.12826818829248
21,15.432097953459966,10.695042107184824,7.068250321925304,0,24.32518352096759,1.1709254962454736,0.4889128604340244,4.18545183061319,0.7738784887406784,0.45983128313438887,2.7390347141074605,13.724235686674312,3.325987884693405,55.78359805266067,3.8063534848845553,49.549159636704246,1.7786999132261307,0.18334666930121152,5.441924743720506,3288.5315509866996,2.2524999999999995,20986.093904495883,31531.966033874083,47463.206949705054,3998.003040806769,146.5563014127402
22,15.33331315189562,10.638240204972409,6.99727892317959,0,24.811621672121845,1.0926286567097068,0.472513581887032,4.17000047381941,0.737735689124265,0.411399792295054,4.138681765172094,13.773252519091333,3.3258746691839214,35.110382079367376,7.435744721925411,48.78165094563198,1.866428210433399,0.16419380086607496,7.25525110000001,4156.598259999998,6.6479499793580406,11794.895551387592,31445.49400997564,43887.297139669165,2655.14570088525,125.124879
23,16.48001229019503,11.440249245139988,7.483792554493394,0,24.07133045290627,1.0906632800265263,0.4724481077222358,4.142765663256742,0.7497662861325243,0.4530144412004077,4.414143258,13.699460223470735,3.5103985193213134,76.61889167443336,2.0754014456020093,50.1222435374995,1.7442914470303037,0.1644697098828747,7.25525110000001,4156.598259999998,8.389923512938894,18074.55213961865,24942.106529285877,52003.204038819546,3154.454696913746,140.9795800947853
24,16.050231355180625,11.131391651840977,7.329589428317747,0,24.664744955957143,1.1941676863098891,0.5253569493709693,4.223868123818981,0.705697642989641,0.4593978451211463,3.8286681981604063,13.700392877204674,3.3363420976009777,77.86900880226668,5.2022166827523,53.71985406268047,1.6353720965177905,0.1678597864172389,4.01982940069379,2607.753035828974,3.66004814506681,18050.52755083407,21434.053081151385,42479.274664513236,1723.834971371762,136.11125390561082
25,15.464171435056556,10.719063303641846,7.005427951726511,0,25.171125660165455,1.1334347354845375,0.527591099661005,4.2033133692389475,0.7371022206263605,0.4549109001765136,2.6693275215249503,13.49618033236853,3.5678384363977425,61.80385465773624,3.8251576096425617,56.94015052903658,1.732114742261479,0.17412298307617985,3.9335778999999937,2566.4631400000053,2.2510000000000048,20648.52450397648,35363.36347420195,59206.52499836127,1653.63503101432,125.63677738481978
26,16.21062509256856,11.132858208442029,7.361349096814951,0,24.933729773307437,1.1899382531981908,0.4546003667647367,4.256313911831171,0.7708147797407533,0.42545277638524104,3.4893042342718585,13.63958996375471,3.4440970365304153,48.1425681382445,3.330828711603162,56.852324261772274,2.090070381583336,0.18493426017969533,6.853898411707862,3964.464667460035,9.32436230512825,21561.72931662252,25629.265536887844,52016.82967055107,1873.727264770844,130.77928523740437
27,15.919137615234972,10.822215080085924,7.202013256408572,0,24.54827851483856,1.143636455279282,0.49929631457421664,4.3356660481122535,0.7369029670419358,0.3966578561960973,2.631262113,13.699715655346935,3.1578851383664555,70.43400520593856,6.587795865069008,36.958758402210606,1.854115285360545,0.1739754337780627,3.9335778999999937,2566.4631400000053,9.855031248840746,14256.868937907378,29137.241569824935,54468.23208091612,3812.2478116252178,131.573482766901
28,15.208873893086585,10.509507064445712,6.921658209116937,0,24.428553099368138,1.1636866997172082,0.5021595247518532,4.323124851661193,0.7134713999638579,0.4196280543795158,3.184793866674571,13.634830861646025,3.5343452428108155,78.25651625845835,1.9704726657000016,48.787272257192285,1.9801847927276028,0.15525232946377235,7.25525110000001,4156.598259999998,10.339000000000013,20132.130952311043,30075.130461649573,50216.36425793305,1658.964575904009,135.620519111591
29,15.602023060121075,10.765153401210467,7.11410619850439,0,24.398546812774924,1.1211226907463765,0.4782539632809482,4.278615624276699,0.7996899169495392,0.42286188235653555,3.3884122450076934,13.736976531032392,3.023194391274548,44.3506521081194,4.469550637443908,47.601290776604,1.7951605113978135,0.16746111291440133,6.540126485488442,3814.2573082437434,2.2510000000000048,15797.245953189406,28599.953577454795,51462.74467450876,1809.2340831945628,124.79773662992451
30,16.766830993411176,11.457601642788044,7.48064308931473,0,25.00544959578541,1.1194989962024409,0.4690019631348352,4.278448337571468,0.8008141254078338,0.4049148221742999,2.682168320158574,13.669405739322166,3.6025595847438874,35.9546762470193,2.6422878892182187,40.70531107504346,2.089472532,0.15797181480497682,6.975358512179909,4022.609451672793,2.2510000000000048,14919.621762034543,19115.490999999987,44173.67289540296,1621.0443582100716,134.43007855056254
31,15.261183381532357,10.335581328601396,6.870903595129546,0,24.44102856904395,1.1699032967816574,0.4905361027742882,4.271816087845491,0.7562262371815154,0.4048416845178265,3.667241015337744,13.805881712151054,3.6928167737584134,46.99792387370995,1.968282282866666,63.53362857540003,2.0427011463850704,0.16009150721917542,4.090681125969135,2641.670826619755,10.337499999999984,17101.149433586885,30895.515049719703,41649.556531764094,3020.5853383581384,132.5610678922217
32,15.762684636536791,10.736889264195678,7.140670233370364,0,24.62650167287255,1.1692925116176145,0.4889270440038586,4.24718167841501,0.7935307570719904,0.4320570398584174,3.217813063161029,13.64804133812235,3.3456282447505967,35.78088847722472,5.289084056081833,44.46996830844784,1.8810173456437604,0.17635379014901803,6.028981896001988,3569.5646746816988,10.337499999999984,21768.89833588774,32697.957405728495,41916.01976313169,2962.074274695918,141.92396447648312
33,16.20727522547662,11.19829961495569,7.376283101919411,0,24.822518388216928,1.1006186221851026,0.5184791085792306,4.27693919767734,0.7909001733538404,0.421973667296808,2.6564867228913256,13.611878638817569,3.074170481537723,69.696740927949,6.076299903383896,52.84825351566445,1.7918340705636646,0.1685297106473204,5.968251845765963,3540.4922825753265,9.439729896790263,13853.423309720429,17577.246620489674,54636.447991495224,2534.705070590903,135.03347088829088
34,15.433173844339205,10.523320511726505,6.990656579172435,0,25.102005580072497,1.123657052739112,0.5175672060444806,4.191338738856856,0.7731703259754165,0.4520500289491388,3.0802330778008074,13.73750689185262,3.362074594501317,41.12975257832649,7.798984665499999,46.31501151793102,1.9569761782067925,0.1817994843636964,3.9335778999999937,2566.4631400000053,2.2524999999999995,16576.74597609443,26954.759342919955,51021.030707006714,2983.148464854282,137.12109533527698
35,15.867681751560406,10.817853572005276,7.053707758093772,0,24.7689048987586,1.172103252929608,0.5072042118849219,4.270237114891687,0.7323378220971698,0.4453733195660127,3.942400986058181,13.68500687064498,3.427084581466427,34.43068977209227,1.968282282866666,61.280361994850274,1.9249649559123736,0.17203946458708252,7.061392750014256,4063.795340490169,9.77427727914537,20809.687929231968,31611.031435260003,62880.15096872894,2660.4739517892885,139.5764947276916
36,16.852645155859005,11.599386789751865,7.5634117683535855,0,24.90252112623193,1.1146632313926454,0.4358905159489208,4.276528403936401,0.7325626909173245,0.4394397071919297,2.964665890098221,13.561099609122005,3.4337693615057954,31.80539107862499,1.9705395685499985,45.2124026467546,2.0286840767193897,0.17384150726408096,6.438909735095084,3765.803321399776,10.039616490618664,16756.180602062104,38805.510345983355,55388.53891795334,2659.882680043179,135.9822494856409
37,15.33164322413808,10.4339038242702,6.905966559726661,0,24.52933574312882,1.0999313805173765,0.4753843831350971,4.130431123931762,0.7774215825548867,0.4508796707699213,4.171700961658557,13.644566017950629,3.849445536905624,30.95532289758337,1.9704726657000016,58.362639309955576,1.6582601647408264,0.1461820784577204,3.9335778999999937,2566.4631400000053,9.624305621139658,14507.723703176416,50222.24523809524,55216.90707828425,1631.746210403684,152.23257603139825
38,16.325839761678907,11.034121094610844,7.330023557118919,0,24.65867924287736,1.191804156155754,0.4742025983116288,4.261554728925327,0.7811711533186104,0.4410459748796175,3.118755473701668,13.614375079552062,3.3773508223178172,59.102763786962136,3.304346806351052,63.761331109350024,1.634696228316666,0.15704572574997755,6.049225246080657,3579.255472050506,6.5210459285601665,14222.009708356867,43528.0243405589,44686.79844735997,1684.6972239117206,149.6441693071494
39,15.504701726503724,10.62685370209148,7.033436041270934,0,24.5326356370686,1.1418236543116689,0.4388977397996881,4.155609100980744,0.7210590326399997,0.42035752239559193,2.631262113,13.628696808823284,3.378002194996331,47.88284786220856,2.050869957751164,48.6259305613536,1.7283102561929051,0.16533678093171977,7.25525110000001,4156.598259999998,10.339000000000013,21964.52623567697,27120.863782327193,56300.214242926326,1914.498242117304,147.26237619647884
40,15.746198518682167,10.965047370695329,7.181473094833277,0,24.79182798713311,1.208744246657042,0.45629158209503135,4.2971843878457046,0.7480447749404767,0.4242379765729537,3.670909814947349,13.57369625220496,3.52881005528627,75.51306553912195,2.183344286651388,51.795032706159624,2.0902139648,0.1561968329496331,7.25525110000001,4156.598259999998,10.338505499999998,16205.956823777517,26132.616179159584,50122.5698655202,2670.6061411091027,133.32566941306106
41,14.723768628895012,10.211946410868206,6.7427927382215245,0,24.720272083442826,1.2520787547375252,0.4495189006443246,4.248030495237096,0.7495354302950777,0.4093785893670912,2.909633895954134,13.657970695158964,3.637206390937082,32.969956378950044,2.3758974036468303,59.06516056975179,1.8036575183929144,0.161283979090797,6.924750136983228,3998.382458250819,5.875014170997147,10870.501018968282,33214.19795547442,45932.77776096272,4216.709484965454,128.0035692989394
42,15.073718233266572,10.4418936329248,6.839823579287115,0,24.59099389694093,1.1172238666223702,0.4437603453239368,4.202832902785031,0.7797245651939588,0.4362211455606067,2.631262113,13.670203663222347,3.4399132960921266,52.146972163549144,2.269937693925519,40.47235874672049,1.7385507223056509,0.16284038817562244,7.25525110000001,4156.598259999998,7.53623869044492,22006.66685507629,21272.25544965391,54111.99556550654,4376.59333104544,139.8762360598122
43,14.877274841743732,10.062994645678993,6.696298584882797,0,24.769938555922888,1.1090733922502816,0.44802183081306496,4.202690662931799,0.8390731441031029,0.4294101369820264,4.41017293628294,13.692783304379311,3.213252320694695,38.06803479284595,5.254469517742493,58.97732056113906,2.047808003720153,0.15912647415703177,7.25525110000001,4156.598259999998,2.2524999999999995,11049.440438514435,18430.197714285707,41092.903225599315,4203.449223597035,132.27664754089355
44,15.44631115195021,10.68876218305315,6.997065160932712,0,25.16758750191188,1.125483969330458,0.4821195115327039,4.2670982393269234,0.805405700898293,0.46034948806431375,3.619546620412873,13.645264465653874,3.878641406201159,77.78160527233842,3.30433269277265,58.509051650211894,2.0514214925017025,0.13991518658166702,4.029951075733124,2612.5984345133747,7.109396279197928,13681.065123838762,30255.839462012547,58613.73471004732,1708.1867073462745,122.60683934216556
45,15.674081712049952,10.560664609081105,7.007004981171721,0,24.375181662362653,1.1629685131778131,0.46624804404241166,4.209901914440097,0.8180826169752335,0.4008375241574376,4.414143258,13.59834427165246,3.454118126909948,47.593473888847235,5.961339171037774,61.11519130677437,1.798014606282382,0.15236092441481294,3.9335778999999937,2566.4631400000053,8.95520130080654,18726.506383326938,49299.750297619095,58822.96638835334,1792.564997780907,145.46870920737243
46,16.127216836113266,11.171675109739375,7.317857231833065,0,24.83742957288625,1.1073589016606835,0.495359518599222,4.201203235392459,0.7548001327225126,0.4430304057561862,3.898375390742918,13.72485287622188,3.3253247692554764,45.081527578989615,3.709223750973348,44.893639180228725,1.732040042696927,0.18511712195519267,7.25525110000001,4156.598259999998,2.2524999999999995,13101.989339821415,19937.31898219928,41079.71260346607,4027.946963817196,132.97981231488612
47,15.261348124488926,10.527104069536538,6.981476875878783,0,24.603081675438556,1.2031249348031,0.4575615280789416,4.209716530328807,0.7687341675120336,0.4147629103755421,3.225150662380236,13.706437274111064,3.7079477018037945,39.93829953581753,7.311853881497983,52.418599918054035,2.0087439260677944,0.15570572053581705,7.25525110000001,4156.598259999998,10.337499999999984,22015.12067851284,34353.44226212613,54791.04943229913,3747.193774146696,123.6229641666667
48,15.56752434011426,10.711545620996452,7.077030376613193,0,24.49506721629221,1.246276514938592,0.47686709321801496,4.162900927110636,0.766464599927865,0.41450833749818866,3.5149858315390974,13.660288320211498,3.3939885680230524,46.58247811828464,2.3049502034934264,48.45291872891945,2.089372309999999,0.1594580449084144,6.550248160527802,3819.102706928134,10.337499999999984,21812.00378217392,48642.94177380952,50639.123233543694,2855.6922624588155,145.21581860697273
49,15.2455528529106,10.467558444397827,6.834450248217718,0,24.52036987716765,1.0740736300633036,0.5371301830345749,4.268985726558536,0.7937713291435452,0.426222229624621,3.8745281932804767,13.684410611589788,3.6631176985773335,30.95532289758337,2.6422878892182187,41.320242904119986,1.849131016807308,0.16613387460077558,3.999586050615113,2598.0622384601857,2.2510000000000048,14341.779345202523,26798.973411582727,63264.188460751,1610.5697550894083,155.31689930315397
50,15.14164036717949,10.2572795595232,6.8052012645443165,0,24.43740742666622,1.1850887342650005,0.4921628112580625,4.220068809347692,0.7848473808529873,0.43387629447315,4.166197762244143,13.492000848814447,3.183963674165821,78.25651625845835,7.479628587189267,45.654048175707054,1.6756614959833538,0.17235326426239908,6.393362197418079,3743.9990273199846,7.67467406706556,15033.98545430649,31412.57187954579,67210.0347394242,1639.8339492760283,136.7027378034352
51,15.463380197957347,10.535011730366078,6.869223286307338,0,25.10175084330005,1.0629408954514037,0.4978577389224737,4.355670362874149,0.6957922679425746,0.4490730006473072,4.026783377079114,13.748438643415623,3.3323698271150883,46.45037769188198,1.9704726657000016,44.18992477314382,1.6334577854000016,0.15893571462313613,5.472289768838504,3303.0677470398923,8.620649140639959,10466.614060216303,41558.553400067314,56070.6789052339,1589.764076958539,132.88791691468455
52,15.803773890396135,10.780666746083874,7.145503681590636,0,25.094393819954977,1.082785461318122,0.46729148262046705,4.278000875103351,0.7935721166515315,0.4517237371776257,2.631262113,13.68670069862618,3.3043132338347365,77.35969473462498,7.800426582783322,49.48379815196853,1.7025388958290937,0.17352539320202712,3.9335778999999937,2566.4631400000053,6.255716437239469,17055.978011188326,36970.7957004322,53757.45339278955,2607.729782907464,147.23205285421864
53,15.891121466348576,11.046298568761744,7.202609463727259,0,24.62569041772553,1.151716006561871,0.4608371852894456,4.255085375383749,0.7687262626950828,0.4481514033430695,3.1664498686265463,13.756333233421168,3.63106658872744,35.57776530705094,3.472168595138795,59.8112133118351,1.9241433843472096,0.1689461148265022,6.514822297890126,3802.143811532741,8.493754883445483,14280.9098857144,32353.38324545904,63932.845606889874,2470.5215364628248,137.12078380246095
54,14.951785224559677,10.188869094233777,6.769040908167603,0,24.47781167603132,1.130506849793652,0.45290585849831144,4.277940009493219,0.7607888939095206,0.42346596698779926,4.059802573565579,13.440686800721622,3.23992059293182,62.68100114101799,7.798984665499999,58.1760035788944,1.7052269045693147,0.1824189977108251,3.9335778999999937,2566.4631400000053,6.1288123614683485,10662.391130925653,26562.200717079504,51874.285350051854,3078.20589864084,136.6084295280697
55,16.09830646842725,11.084597232119226,7.32842000167012,0,24.1671364187709,1.0762784909826748,0.4412182806636756,4.305116098757013,0.7341909052634042,0.45128908224200953,4.153356963610519,13.668207983055618,3.804082938658469,43.57149128001152,5.422899226519885,53.80768032994474,1.8332053720835353,0.19062152857403683,7.1727311754469625,4117.094726018524,2.2510000000000048,21523.456268784612,39795.78623775139,42733.86238905657,1796.7524529335374,138.8178369859184
56,16.44268145706319,11.218153721832586,7.336914144084267,0,24.63706713757236,1.0976066874404204,0.4900171191896314,4.21914445458239,0.7729837851508201,0.41927620559968487,4.414143258,13.655805824502522,3.612827371858335,41.652708883541635,5.810757993779385,58.09892047501164,1.9989779066547049,0.17576616940313308,7.010784374817586,4039.568347068181,3.5562216126013206,17832.27612605092,26532.996433419703,48786.122688305935,3959.188251584237,147.61104857372908
57,16.303629241906656,11.349909660531653,7.446296541966918,0,24.892759945969058,1.2045201576914373,0.4912834716312206,4.259733497567245,0.8157374909368826,0.4432037295002074,3.4617882371998157,13.674663511128225,3.395399119174404,77.35969473462498,3.2691346287332506,60.57187278536634,1.9862144204431913,0.1667889628307174,6.72231663619651,3901.4744845628743,7.986158534821421,10770.122054190571,44832.29462216613,38966.676537392246,2569.194408341394,133.35277737298546
58,15.572077675471167,10.741441773780467,7.123623634942202,0,24.72229306967443,1.1272075418189882,0.5064225133123789,4.250634012194225,0.7424354784973629,0.4288080119083896,3.641559418070499,13.639424489395967,3.2143816769633804,51.26379159047921,1.9685447777000011,63.44775997382504,2.0874318177333353,0.1703218441873194,6.4996397853311105,3794.875713506155,6.555654772715341,22015.12067851284,18216.18378571428,61820.064435085595,3840.5466694067936,131.4112139729029
59,16.168701272671452,11.262702164211529,7.355478315248237,0,24.605615635469615,1.1550357976124164,0.4874853663441381,4.286339155521763,0.7358542292551815,0.4178454795491501,2.631262113,13.602039581884362,3.5658639095265663,45.86019631608871,6.570643473762637,47.96247920490606,2.080954422905482,0.16016508689010744,6.595795698204807,3840.9070010079217,9.508947580693546,12266.77249984486,20493.164873502115,54728.43135613696,2307.114421370879,144.60258074156323
60,15.571348148329658,10.619662414465632,7.052045914726925,0,24.908802681962403,1.1365065236291148,0.4691892530251705,4.271236620739324,0.7869013667769947,0.4506891531652895,3.716769810067427,13.523129479870054,3.5660518947659643,62.78985545218119,7.56815817827685,63.61933671185834,1.75426475924241,0.17019038599384095,7.25525110000001,4156.598259999998,10.13190673582305,20680.341611661304,27389.048436116183,41005.221443900264,2780.1921350829866,151.54221848217958
61,15.234954153674622,10.573917029057805,6.940116636220321,0,24.802048796662103,1.0786080299219611,0.49537271379778425,4.242320200245875,0.7809342878164588,0.42528681150049424,2.871111500053274,13.647163365953125,3.351133417643948,49.95797488111576,4.415033016418363,47.662185924855194,1.6444598385188902,0.1745237217732116,3.9335778999999937,2566.4631400000053,3.798483521687453,18353.093020746783,41276.40201973896,50077.07604472314,3040.8183273196955,127.54233946377028
62,16.043747679039125,10.92922411940466,7.239869124956645,0,24.55971290580466,1.2198428300175412,0.4978829203286357,4.276042753258497,0.7931293491480532,0.4403323174503268,2.631262113,13.648970979127617,3.276895146765716,77.35969473462498,7.285676138060442,56.56378248252863,1.664969584507838,0.16856069469823096,7.25525110000001,4156.598259999998,6.174962472685647,14705.67720777512,22935.49111018277,46352.78710733582,2643.520219495236,130.75041322025416
63,15.466305191697035,10.74325621031524,7.036365614906399,0,24.87655751608832,1.1076392767426653,0.5001826247055725,4.168887595081996,0.7462986866237221,0.4674736082216067,4.063471373175183,13.64505439972914,3.168518561829108,51.207267395468875,3.4014471256087933,48.5673797165108,1.9348394999153855,0.17208229797350552,7.25525110000001,4156.598259999998,7.017106028117489,15385.62600021588,51068.568285714246,50298.05882941937,1681.8538117544413,132.78215671683233
64,15.71721383633437,10.693127722125968,7.1128713103635475,0,24.366599410841296,1.2629129546731497,0.4979969160142839,4.293482057581689,0.777650764236464,0.4519411673448432,4.101993769076047,13.71496155770308,3.598084678763769,56.66677862573061,7.8000247567500045,45.1571592060669,1.9854139908031916,0.176558475505402,6.14032032143468,3622.8640602100663,2.3910571927108855,16231.378426631392,31846.15279854563,41158.88705172255,3929.728228615597,137.8749209338337
65,16.11155380415282,11.063883276496007,7.227689621565784,0,24.854517256016145,1.0908148436460106,0.5203747570228574,4.203514759394509,0.7828201645591749,0.473522842129622,3.1664498686265463,13.733868864930429,3.4890173302244754,77.86900880226668,2.79236330481026,55.53493025280844,1.7739640890157724,0.16125467490675072,6.980419349699561,4025.032151014987,4.133035681854018,17086.560939080267,40102.34090631474,45760.27252743518,1787.510087492149,143.4190282224415
66,15.021626087543424,10.313810887562036,6.734065804838605,0,24.65279369468867,1.1921655361893653,0.5106769758240535,4.26780432262596,0.7024973073875722,0.4160090941840528,4.414143258,13.561433922390478,3.5013337915208327,73.31313832056527,2.271542799227733,58.24550943775053,2.006286789591397,0.1810125436422961,7.25525110000001,4156.598259999998,2.2510000000000048,13154.8997738795,26387.479498551613,44972.19152976261,1649.5804633154287,128.07204373597844
67,16.306223219534296,11.123498280652544,7.375246241550564,0,24.21541061017727,1.1616847628236344,0.5216688389176553,4.167921700692584,0.7514421028573748,0.47247346912899574,3.83784019718442,13.748080459872094,3.3266783374280826,34.79879326091169,5.705542225599853,45.18314651315728,1.917609591073945,0.16156327690017974,3.9335778999999937,2566.4631400000053,6.774849066514058,14667.878236417526,38246.88576851458,45181.600925231054,2835.969513319321,133.9220445313954
68,16.09426940585595,10.961274649223665,7.276554627949393,0,24.557910495837028,1.2007304204509246,0.49578708976750047,4.282602984645458,0.7567284493427383,0.4382617459474897,4.2047201581450055,13.593302592606635,3.615145807905915,49.23094480912137,1.968282282866666,46.02214751642579,1.6433747123394176,0.16836619233258154,5.624114894428541,3375.748727305843,7.097859997812857,10740.257005858492,27336.51986082598,48054.59543416083,2809.1629963907476,139.0908113313896
69,15.669629056396928,10.67436930892659,7.071045112056138,0,24.852564388364673,1.1108857789397042,0.483799183816888,4.272889102787092,0.8406663757368178,0.405529588810948,3.041710681899948,13.551226933519644,3.6328760011929,42.848171071017056,3.313272447517059,63.20492480912834,1.6346771584000004,0.17282024494838186,3.9335778999999937,2566.4631400000053,6.4287606469976675,22534.986051278695,36723.61858835045,55174.61067047197,2291.734102899256,133.16302165351533
70,16.689540984471666,11.625505734539992,7.592419127083377,0,24.32389668599808,1.2152671496838965,0.4997330262012706,4.164771081284226,0.7708951033707501,0.4106338304300058,4.414143258,13.666765087799789,3.309287670533867,42.2769249038483,7.800426582783322,60.36707985018485,1.820147174747797,0.15641320497145514,6.676769098519503,3879.670190483094,5.609684720808888,9790.844616768249,34866.36817815473,63733.08020412698,2710.818864938043,126.52157147206582
71,15.359366907664532,10.621283426463927,6.923912325333726,0,24.412760040513337,1.1333252408504255,0.45404598843394034,4.212533342323216,0.7443713975314182,0.4188956267918136,3.1902970660889856,13.62370087107616,3.5782667565149837,35.26617648859523,4.999337125058805,56.8270876849048,1.6346771584000004,0.15224039529865813,3.9335778999999937,2566.4631400000053,6.844066750417329,8719.804466474594,26199.012905523898,51549.066139874805,2456.8905284018574,146.8525414152786
72,15.359046362763316,10.43864995992228,6.938522266363325,0,24.234954245885945,1.0999211155094792,0.48938713741615825,4.309121107667411,0.7807967988795483,0.4811732070447296,2.797735507861149,13.72958158488302,3.5309802193026867,49.96061007049624,7.303114499419717,51.2607185792813,1.7424412044476032,0.17874709495311392,3.9335778999999937,2566.4631400000053,8.609112859254912,18048.1719300602,29058.724723614687,42225.9364883064,1754.0523028008463,139.2508902787679
73,17.2103478594415,11.703804413290465,7.776524732396656,0,24.691597757127937,1.1127111251128037,0.43921915181920135,4.178530308989165,0.6977713011448405,0.394423855723874,2.631262113,13.661785261822123,3.5888077324493755,67.88836708356047,5.687138332437855,56.78132034582037,1.786295706102978,0.17379380026301897,6.550248160527802,3819.102706928134,2.2524999999999995,19236.389748850073,30282.72616501187,52841.00272548923,3973.48472036116,128.27401728893656
74,14.941012582586753,10.121369894250996,6.715031876003522,0,24.141571311921464,1.182560429498848,0.4257936329388348,4.244909655459415,0.7931036130648531,0.4455230036163693,4.135012965562482,13.633263605289708,3.24502985177463,73.2611794025213,2.2980245913699133,50.251395659755474,1.8262917695514884,0.15638678611896675,5.360951343405813,3249.7683615115275,7.766964318145994,10486.57644349295,45316.37255796141,50700.816882025305,1617.0822436076166,142.05972032806343
75,15.17165485084912,10.395325112187791,6.766927512817347,0,24.71778344687511,1.1233635178157184,0.5020574216646092,4.239991031475583,0.8116070705966437,0.3965738162105889,3.4819666350526517,13.662787506840038,3.3274980173528177,43.834868996126744,4.999337125058805,48.10875987289281,1.766787863016164,0.16149939028950444,4.956084341832364,3055.9524141356587,7.801578044412683,22544.126735954265,47060.109907065395,63277.92572927677,2482.815819027892,127.9040774282044
76,15.7292611210973,10.876441218543253,7.157583012493258,0,24.053714929090948,1.1198727389371317,0.5281655707415343,4.245547290127014,0.7327189122579839,0.48029779721911703,3.1902970660889856,13.47070303437794,3.3881625132311823,52.89328352932246,5.272812575341163,40.968853287504835,1.6334577854000016,0.15705312363909593,3.9335778999999937,2566.4631400000053,6.555654772715341,15997.8579787436,42079.3990077158,63447.971805453526,1789.6280709249831,145.82043028222176
77,15.541800795164535,10.763912403150323,7.025607441863211,0,24.61086762082672,1.1259895170153416,0.4969961489441138,4.172138713427747,0.737188721838841,0.4365716905817453,3.4948074336862733,13.57686763583062,3.3541095008997015,55.77421545707111,6.419170248778035,54.22233955857334,1.9624018091041528,0.1692604327937926,7.25525110000001,4156.598259999998,8.562967733714697,16067.867152008905,46998.49422341287,61890.88041945971,3053.0203531572547,144.9999593197277
78,15.980368331403051,10.896432551265583,7.238515430479475,0,24.45829240947384,1.2515534342835084,0.4629313752435397,4.335386543446486,0.8005015136357738,0.41895355625831093,2.93164669361177,13.723118369495884,4.002457333171153,76.54650322834006,2.384409388917378,45.9635747161247,2.0144878657188015,0.1815063688010208,3.9335778999999937,2566.4631400000053,5.205909850664026,10677.264215214696,24057.880289537377,39826.03330998259,2989.136466591668,139.3606354404462
79,15.211507751769306,10.334835719257171,6.856057793524267,0,25.10462873042275,1.0648159728147302,0.4596841048805634,4.306728057559936,0.7926225373616712,0.4204920636059491,4.414143258,13.582793439231986,3.4833222794131893,56.713337247431305,7.800195062616677,53.661303217837734,2.090070381583336,0.16249501793331397,6.919689299463539,3995.959758908604,10.339000000000013,15569.767824447914,44272.734095238106,48401.41191569065,1829.8907083977297,145.2053730554448
80,16.478653901889903,11.295935365132364,7.459856170201923,0,25.121962907556505,1.1425355145681382,0.45726682754990067,4.326185221312336,0.8244412078130731,0.4172659768135646,4.043292975322346,13.69510710521704,3.468986939736316,68.6061800633541,2.0509308302999454,48.48908960965843,2.041207180493142,0.17812729118873474,6.418666385016429,3756.112524030987,2.2515045,9885.688946341852,25211.59526239468,53261.36014523318,2461.8233803179305,146.25616629694449
81,15.19520404765454,10.53840058383249,6.939127822158821,0,24.841352404416277,1.1876983938006538,0.47297291278977566,4.2689245696059706,0.856527765568033,0.42768174032555,3.4709602362238225,13.672700367514953,3.248910261942064,37.13042843431968,4.15176777441859,50.55810844116727,1.7283102561929051,0.1616878065377682,5.775940020018589,3448.4297075717977,9.32436230512825,22242.43789023872,30113.657089627184,64333.02345458595,1910.232281331743,143.28369906842636
82,16.369934191163736,11.34499897514501,7.497800556057709,0,24.2256649859971,1.1536022472835483,0.5088385685530521,4.2593387030805285,0.7439484914190208,0.4081528085659828,4.3166185462379785,13.481932796746644,3.840256028526796,49.341575049091695,1.9685447777000011,57.13268038027137,1.6356308952333325,0.17820595722584684,4.64737325313262,2908.167754261573,2.2524999999999995,22025.396537577828,35182.62213765534,41335.74880869646,3924.5252523588442,146.28585342274317
83,15.879565090509615,10.806790407486174,7.1527718128353035,0,24.96855843695537,1.186746330460764,0.46526493973349686,4.247889604241184,0.7617209486541432,0.4281750485210821,3.549839427830359,13.567054329105,3.4352207549104388,30.95532289758337,6.9235109522035545,57.74770748087901,1.792032898667762,0.17499444262312397,7.25525110000001,4156.598259999998,6.6594813051808055,12556.054794818296,23014.687490701876,58692.46919672968,1676.628353485724,140.05761574815196
84,15.21912008271344,10.479227530858203,6.928188641502046,0,24.25599976607363,1.146977011445686,0.45426877750901434,4.230042600268605,0.7865809017443726,0.4264468668057843,4.149688164000907,13.645867945183587,3.4195945877823393,36.87070815828374,4.310659205931251,62.1804511424705,1.6598295069586089,0.17606290834529748,6.378179684859084,3736.730929293384,2.2510000000000048,21506.451859077897,31680.356135629252,42641.02793110741,1861.921738852646,124.3646833370751
85,15.244861484945236,10.48872761562822,6.9313127943335076,0,24.6957262705336,1.1258452194585893,0.4871456272377947,4.292822990538981,0.7362135648531853,0.4292788739095542,4.100159369271235,13.693098251525807,3.5117696025907987,69.77993189358175,1.9704726657000016,61.96438288026107,2.04163324367778,0.15215036667342582,6.68689077355883,3884.515589167485,8.078443915542435,10480.551730315115,27469.557680692717,60649.63426259369,1802.8121092006136,132.7526395782042
86,15.231530808788314,10.401791676219531,6.880743651057334,0,24.925783546417772,1.1573657242063868,0.46991839915792327,4.248422784465539,0.747214042626687,0.4375559414712758,3.0930738764344317,13.62373228860944,3.635778298580728,78.25651625845835,2.668769681360402,50.10498331949917,2.0231443292325944,0.16381668350552714,7.25525110000001,4156.598259999998,10.281873660087731,17318.298992659136,42547.53938805475,62337.90205804784,1543.064605147568,132.18447476498596
87,15.457926099585237,10.54629633607508,6.897504943729105,0,24.87389422754764,0.9616461340678756,0.47121034985187593,4.219307477022177,0.7477091566191225,0.4310411320676055,4.224898555997843,13.558760594022871,3.5819626318105695,69.29106564078921,4.309662106060794,45.09859920032508,1.6908057385083264,0.17506856123963585,6.889324274345538,3981.4235628554256,2.2524999999999995,13483.915658483218,35585.43606992681,62843.91200537122,3875.512009949395,149.63940849870698
88,16.401508772237833,11.158684354835517,7.422550994568315,0,24.357073365977833,1.205022944953517,0.4740896518606843,4.099648364624222,0.7320119817734374,0.4569012623357627,3.623215420022469,13.661916559690876,3.05730516479065,32.969956378950044,5.97852753417146,49.98835967976801,2.0874146380065715,0.17740175867830518,7.25525110000001,4156.598259999998,10.337499999999984,22043.285467810936,29582.95700882065,49634.58623876107,4249.35244003427,134.19682826987292
89,15.585690663653814,10.774302994227908,7.114412435911525,0,24.559433483475964,1.1952796286089291,0.48333698241204454,4.1298930623449435,0.7414404130943304,0.49189436292014943,4.191879359511382,13.750001538018058,3.5299854313166437,31.294320321533355,6.402729720847971,63.761331109350024,1.8685327427202765,0.16074763262832198,6.150441996474015,3627.7094588944738,10.016539188231484,15784.662835003086,36578.36883033949,56095.19218082624,1951.745412682208,124.93306578393975
90,15.956663997099536,11.036195272193948,7.247467835525815,0,24.959485280395047,1.1539185004896726,0.5167304616794618,4.124108404132349,0.8585142237391792,0.45711958349345666,3.7828082030403345,13.691623635044053,3.546603814441029,63.492902810272845,1.9704726657000016,47.323148854629096,1.6334577854000016,0.16508701050663172,3.9335778999999937,2566.4631400000053,2.2510000000000048,12853.16231721376,28852.365346961684,51839.16602329457,1853.6517741725384,128.15321013786658
91,15.493043730447072,10.745491613205058,7.095084512099331,0,24.65804521745936,1.2575999841619845,0.5025763136960353,4.348440347997269,0.7148241028393737,0.41590688030824985,3.6874194131905806,13.5219143883007,3.657483826965549,40.71757651205581,4.733500944946044,38.39347854288543,1.640347971540696,0.156807494266433,6.671708260999829,3877.2474911409,10.337499999999984,14679.802441619971,30335.98136307275,49249.22052605929,4170.054454684016,136.87426337084418
92,16.73908267647154,11.435264416452432,7.574615874505883,0,24.582475575402015,1.1632254715744983,0.5017587599807486,4.1541266594634045,0.7708028604978386,0.4596869933849358,3.0178634844375036,13.63988090630149,3.5208738870063887,60.037756780691595,4.301831904180547,49.32854069946766,2.0734314924133654,0.16671118229611886,7.182852850486301,4121.940124702932,8.724475673105456,20500.94663615493,19339.77755034415,42395.430759812574,1662.8151752792055,127.1524639097922
93,15.286613625711556,10.544531924439658,6.993034866110343,0,24.84103115288251,1.1235673136042703,0.4929767067183154,4.389036062300625,0.7434594224556861,0.44264623692983374,4.171700961658557,13.619408601112442,3.4627940093771716,75.78753206774996,3.5414542105812714,55.96148026543475,2.0874318177333353,0.1821108164081746,7.25525110000001,4156.598259999998,2.8409721667279855,10861.250880285716,27008.78505784994,61248.326372658,3806.748458497349,147.1783317897338
94,16.372360431903214,11.184738989516804,7.4086700942663155,0,24.14225914090506,1.1818495274621126,0.5022529394450157,4.2343416267445795,0.8135600159722873,0.4564475576544744,2.631262113,13.50310127196823,3.1649576929245504,35.57210677810394,7.800195062616677,58.491747917371754,1.8864681770435447,0.16176119483522747,4.414574727227887,2796.7235845204486,9.301289742358142,16474.074460646203,30320.26116801069,54320.71020200001,2011.5923580176948,133.02574919405996
95,15.37272161775029,10.619733491246206,7.016437353534902,0,24.500807924332467,1.1248266758271648,0.5065940004293948,4.284194135422931,0.7640342295210605,0.416154782282916,3.83784019718442,13.708963806299622,3.454752362364105,73.32679862379334,1.968282282866666,51.61584994517634,1.7220463603511302,0.16381237360354714,5.264795430532109,3203.7370740097545,7.593920097370179,15215.866378027842,42458.82937072676,46823.90771183138,2896.3982212139304,127.65026910739294
96,15.434166973422936,10.52610482694965,6.989918478177241,0,24.472821244886724,1.15781893042609,0.47379870230071214,4.4083258934441085,0.7755893377632715,0.4733100849949463,4.090987370247229,13.547567670939316,3.495577530358809,61.85508899681418,6.385264634870611,63.61933671185834,1.7063502752384925,0.15963676216451794,4.622069065534283,2896.054257550573,8.724480496456389,9896.156426523554,24914.881497289745,48379.31288009438,2398.255290307826,144.84655238088163
97,15.798286367256168,10.871330296363572,7.21296788792375,0,24.209958589765876,1.1860339482040572,0.48265122388445,4.1787805013428505,0.7917995747658884,0.4297262192858184,4.414143258,13.54703211582205,3.3402213483551217,35.730203864131376,5.43989900975479,55.697960239596526,1.9246476477884136,0.16279323241950114,7.106940287691261,4085.599634569953,5.332808945899623,18168.949569028693,19885.544382544827,63361.063487688014,3962.874656135303,133.35843950088193
98,15.655973295827597,10.905549020179386,7.122227700267152,0,24.796762796052715,1.2214426375790153,0.46792562575451047,4.220798270903001,0.7692258695830381,0.43621573046785095,3.685585013385774,13.74076744989317,3.328835872557751,48.612564212447346,2.6688602932733594,48.78165094563198,1.6889268265097983,0.15320095167996606,6.681829936039157,3882.0928898252905,10.338505499999998,13967.920229033554,42440.27171593576,58535.54392054454,2560.694693872222,134.97925496844243
99,15.857946544179462,10.938630862620132,7.254397592795773,0,24.616751017571776,1.1784197096502664,0.4854712395802415,4.274060149418363,0.74044871576163,0.43371641079012074,4.257917752484292,13.592712325178606,3.2923917308040203,44.30225060275144,7.8000247567500045,36.8709183935979,1.9859565474372525,0.17545652397153863,7.25525110000001,4156.598259999998,9.566624214214391,13293.57866492412,29570.157108080683,53075.83524501637,4005.347170205262,147.0160629957354
100,15.351987106536738,10.48276658719621,6.955958165494011,0,24.514056177364154,1.1167898720681406,0.49246761727474936,4.220739058560025,0.7139206228110575,0.4583302510939044,3.17929066726017,13.709603402114563,3.3738990146805428,75.78753206774996,1.9685447777000011,49.432039625220625,2.0700528257166373,0.16844597866995403,5.710149132262906,3416.9346161232124,8.782157080030743,16895.14153009577,24469.272373390915,50484.086132413955,3779.448769137112,147.80036216672698
